seed,n,m,objective,lambda_mode,lambda_init,lambda_eta,lambda_max,lambda_final,stab_normalize,stab_margin,eval_every,stab_every,ratio_final_%,final_fw,final_bw,total_w,iters_done,t_total_s,stab_calls,stab_time_s,eval_calls,eval_time_s,out_csv,tag
1,136648,5657719,baseline,fixed,0.0,0.0,0.0,0.0,True,0.0,1000,5,81.45519651346841,34139616.0,7772524.0,41912140.0,1323,120.45642900466919,0,0.0,2,0.05767941474914551,/mmfs1/home/sv96/Feedback-arc-set-paper/datasets/yiannis_rocket_only_outputs/connectome_Seke_baseline_lam0_seed1_ranking.csv,baseline_lam0_seed1
2,136648,5657719,baseline,fixed,0.0,0.0,0.0,0.0,True,0.0,1000,5,81.46110410969233,34142092.0,7770048.0,41912140.0,1322,120.52845168113708,0,0.0,2,0.05785560607910156,/mmfs1/home/sv96/Feedback-arc-set-paper/datasets/yiannis_rocket_only_outputs/connectome_Seke_baseline_lam0_seed2_ranking.csv,baseline_lam0_seed2
3,136648,5657719,baseline,fixed,0.0,0.0,0.0,0.0,True,0.0,1000,5,81.44891671005108,34136984.0,7775156.0,41912140.0,1319,120.50182032585144,0,0.0,2,0.05809640884399414,/mmfs1/home/sv96/Feedback-arc-set-paper/datasets/yiannis_rocket_only_outputs/connectome_Seke_baseline_lam0_seed3_ranking.csv,baseline_lam0_seed3
1,136648,5657719,hinge2,fixed,0.0,0.0,0.0,0.0,True,0.0,1000,5,81.45519651346841,34139616.0,7772524.0,41912140.0,1323,120.47845005989075,0,0.0,2,0.05780673027038574,/mmfs1/home/sv96/Feedback-arc-set-paper/datasets/yiannis_rocket_only_outputs/connectome_Seke_hinge2_fixed_norm1_lam0_seed1_ranking.csv,hinge2_fixed_norm1_lam0_seed1
2,136648,5657719,hinge2,fixed,0.0,0.0,0.0,0.0,True,0.0,1000,5,81.46605732849719,34144168.0,7767972.0,41912140.0,1326,120.4796097278595,0,0.0,2,0.058144330978393555,/mmfs1/home/sv96/Feedback-arc-set-paper/datasets/yiannis_rocket_only_outputs/connectome_Seke_hinge2_fixed_norm1_lam0_seed2_ranking.csv,hinge2_fixed_norm1_lam0_seed2
3,136648,5657719,hinge2,fixed,0.0,0.0,0.0,0.0,True,0.0,1000,5,81.4528010261466,34138612.0,7773528.0,41912140.0,1323,120.5166015625,0,0.0,2,0.05817008018493652,/mmfs1/home/sv96/Feedback-arc-set-paper/datasets/yiannis_rocket_only_outputs/connectome_Seke_hinge2_fixed_norm1_lam0_seed3_ranking.csv,hinge2_fixed_norm1_lam0_seed3
1,136648,5657719,hinge2,fixed,0.01,0.0,0.0,0.01,True,0.0,1000,5,80.8850896184256,33900672.0,8011468.0,41912140.0,815,120.77131915092468,163,45.746459007263184,1,0.0,/mmfs1/home/sv96/Feedback-arc-set-paper/datasets/yiannis_rocket_only_outputs/connectome_Seke_hinge2_fixed_norm1_lam0p01_seed1_ranking.csv,hinge2_fixed_norm1_lam0p01_seed1
2,136648,5657719,hinge2,fixed,0.01,0.0,0.0,0.01,True,0.0,1000,5,80.91193625522342,33911924.0,8000216.0,41912140.0,832,120.48279857635498,166,44.00842905044556,1,0.0,/mmfs1/home/sv96/Feedback-arc-set-paper/datasets/yiannis_rocket_only_outputs/connectome_Seke_hinge2_fixed_norm1_lam0p01_seed2_ranking.csv,hinge2_fixed_norm1_lam0p01_seed2
3,136648,5657719,hinge2,fixed,0.01,0.0,0.0,0.01,True,0.0,1000,5,80.89825048303427,33906188.0,8005952.0,41912140.0,809,120.47353553771973,161,46.102254152297974,1,0.0,/mmfs1/home/sv96/Feedback-arc-set-paper/datasets/yiannis_rocket_only_outputs/connectome_Seke_hinge2_fixed_norm1_lam0p01_seed3_ranking.csv,hinge2_fixed_norm1_lam0p01_seed3
1,136648,5657719,hinge2,fixed,0.03,0.0,0.0,0.03,True,0.0,1000,5,80.78363929878074,33858152.0,8053988.0,41912140.0,766,120.53346610069275,153,50.055805921554565,1,0.0,/mmfs1/home/sv96/Feedback-arc-set-paper/datasets/yiannis_rocket_only_outputs/connectome_Seke_hinge2_fixed_norm1_lam0p03_seed1_ranking.csv,hinge2_fixed_norm1_lam0p03_seed1
2,136648,5657719,hinge2,fixed,0.03,0.0,0.0,0.03,True,0.0,1000,5,80.87419062830006,33896104.0,8016036.0,41912140.0,823,120.4677095413208,164,44.65203094482422,1,0.0,/mmfs1/home/sv96/Feedback-arc-set-paper/datasets/yiannis_rocket_only_outputs/connectome_Seke_hinge2_fixed_norm1_lam0p03_seed2_ranking.csv,hinge2_fixed_norm1_lam0p03_seed2
3,136648,5657719,hinge2,fixed,0.03,0.0,0.0,0.03,True,0.0,1000,5,80.90034056958199,33907064.0,8005076.0,41912140.0,825,120.71039319038391,165,44.95139217376709,1,0.0,/mmfs1/home/sv96/Feedback-arc-set-paper/datasets/yiannis_rocket_only_outputs/connectome_Seke_hinge2_fixed_norm1_lam0p03_seed3_ranking.csv,hinge2_fixed_norm1_lam0p03_seed3
1,136648,5657719,hinge2,fixed,0.1,0.0,0.0,0.1,True,0.0,1000,5,80.7673289886892,33851316.0,8060824.0,41912140.0,835,120.69644498825073,167,43.96323490142822,1,0.0,/mmfs1/home/sv96/Feedback-arc-set-paper/datasets/yiannis_rocket_only_outputs/connectome_Seke_hinge2_fixed_norm1_lam0p1_seed1_ranking.csv,hinge2_fixed_norm1_lam0p1_seed1
2,136648,5657719,hinge2,fixed,0.1,0.0,0.0,0.1,True,0.0,1000,5,80.75244070095204,33845076.0,8067064.0,41912140.0,825,120.73240065574646,165,44.94603371620178,1,0.0,/mmfs1/home/sv96/Feedback-arc-set-paper/datasets/yiannis_rocket_only_outputs/connectome_Seke_hinge2_fixed_norm1_lam0p1_seed2_ranking.csv,hinge2_fixed_norm1_lam0p1_seed2
3,136648,5657719,hinge2,fixed,0.1,0.0,0.0,0.1,True,0.0,1000,5,80.77957365097559,33856448.0,8055692.0,41912140.0,835,120.78179883956909,167,44.00351667404175,1,0.0,/mmfs1/home/sv96/Feedback-arc-set-paper/datasets/yiannis_rocket_only_outputs/connectome_Seke_hinge2_fixed_norm1_lam0p1_seed3_ranking.csv,hinge2_fixed_norm1_lam0p1_seed3
1,136648,5657719,hinge2,fixed,0.3,0.0,0.0,0.3,True,0.0,1000,5,80.44348009908346,33715584.0,8196556.0,41912140.0,825,120.72294402122498,165,44.96613621711731,1,0.0,/mmfs1/home/sv96/Feedback-arc-set-paper/datasets/yiannis_rocket_only_outputs/connectome_Seke_hinge2_fixed_norm1_lam0p3_seed1_ranking.csv,hinge2_fixed_norm1_lam0p3_seed1
2,136648,5657719,hinge2,fixed,0.3,0.0,0.0,0.3,True,0.0,1000,5,80.46430461436711,33724312.0,8187828.0,41912140.0,825,120.63726210594177,165,44.91489553451538,1,0.0,/mmfs1/home/sv96/Feedback-arc-set-paper/datasets/yiannis_rocket_only_outputs/connectome_Seke_hinge2_fixed_norm1_lam0p3_seed2_ranking.csv,hinge2_fixed_norm1_lam0p3_seed2
3,136648,5657719,hinge2,fixed,0.3,0.0,0.0,0.3,True,0.0,1000,5,80.48152158300674,33731528.0,8180612.0,41912140.0,825,120.7315468788147,165,44.95881700515747,1,0.0,/mmfs1/home/sv96/Feedback-arc-set-paper/datasets/yiannis_rocket_only_outputs/connectome_Seke_hinge2_fixed_norm1_lam0p3_seed3_ranking.csv,hinge2_fixed_norm1_lam0p3_seed3
1,136648,5657719,hinge2,fixed,1.0,0.0,0.0,1.0,True,0.0,1000,5,79.9718124629284,33517898.0,8394242.0,41912140.0,825,120.67144012451172,165,44.94594407081604,1,0.0,/mmfs1/home/sv96/Feedback-arc-set-paper/datasets/yiannis_rocket_only_outputs/connectome_Seke_hinge2_fixed_norm1_lam1_seed1_ranking.csv,hinge2_fixed_norm1_lam1_seed1
2,136648,5657719,hinge2,fixed,1.0,0.0,0.0,1.0,True,0.0,1000,5,79.98581795155295,33523768.0,8388372.0,41912140.0,825,120.64407062530518,165,44.91411757469177,1,0.0,/mmfs1/home/sv96/Feedback-arc-set-paper/datasets/yiannis_rocket_only_outputs/connectome_Seke_hinge2_fixed_norm1_lam1_seed2_ranking.csv,hinge2_fixed_norm1_lam1_seed2
3,136648,5657719,hinge2,fixed,1.0,0.0,0.0,1.0,True,0.0,1000,5,80.0015938102898,33530380.0,8381760.0,41912140.0,825,120.77058172225952,165,44.97403120994568,1,0.0,/mmfs1/home/sv96/Feedback-arc-set-paper/datasets/yiannis_rocket_only_outputs/connectome_Seke_hinge2_fixed_norm1_lam1_seed3_ranking.csv,hinge2_fixed_norm1_lam1_seed3
1,136648,5657719,hinge2,fixed,3.0,0.0,0.0,3.0,True,0.0,1000,5,79.39377946342039,33275632.0,8636508.0,41912140.0,825,120.7477810382843,165,44.95120286941528,1,0.0,/mmfs1/home/sv96/Feedback-arc-set-paper/datasets/yiannis_rocket_only_outputs/connectome_Seke_hinge2_fixed_norm1_lam3_seed1_ranking.csv,hinge2_fixed_norm1_lam3_seed1
2,136648,5657719,hinge2,fixed,3.0,0.0,0.0,3.0,True,0.0,1000,5,79.39971569096687,33278120.0,8634020.0,41912140.0,824,120.46247434616089,164,44.77351665496826,1,0.0,/mmfs1/home/sv96/Feedback-arc-set-paper/datasets/yiannis_rocket_only_outputs/connectome_Seke_hinge2_fixed_norm1_lam3_seed2_ranking.csv,hinge2_fixed_norm1_lam3_seed2
3,136648,5657719,hinge2,fixed,3.0,0.0,0.0,3.0,True,0.0,1000,5,79.40056031498273,33278474.0,8633666.0,41912140.0,825,120.78425288200378,165,44.984270095825195,1,0.0,/mmfs1/home/sv96/Feedback-arc-set-paper/datasets/yiannis_rocket_only_outputs/connectome_Seke_hinge2_fixed_norm1_lam3_seed3_ranking.csv,hinge2_fixed_norm1_lam3_seed3
1,136648,5657719,hinge2,fixed,10.0,0.0,0.0,10.0,True,0.0,1000,5,78.15399547720541,32756012.0,9156128.0,41912140.0,824,120.50477147102356,164,44.808002948760986,1,0.0,/mmfs1/home/sv96/Feedback-arc-set-paper/datasets/yiannis_rocket_only_outputs/connectome_Seke_hinge2_fixed_norm1_lam10_seed1_ranking.csv,hinge2_fixed_norm1_lam10_seed1
2,136648,5657719,hinge2,fixed,10.0,0.0,0.0,10.0,True,0.0,1000,5,78.1920274173545,32771952.0,9140188.0,41912140.0,825,120.79601502418518,165,44.98284697532654,1,0.0,/mmfs1/home/sv96/Feedback-arc-set-paper/datasets/yiannis_rocket_only_outputs/connectome_Seke_hinge2_fixed_norm1_lam10_seed2_ranking.csv,hinge2_fixed_norm1_lam10_seed2
3,136648,5657719,hinge2,fixed,10.0,0.0,0.0,10.0,True,0.0,1000,5,78.16997175520028,32762708.0,9149432.0,41912140.0,825,120.82926607131958,165,45.019627809524536,1,0.0,/mmfs1/home/sv96/Feedback-arc-set-paper/datasets/yiannis_rocket_only_outputs/connectome_Seke_hinge2_fixed_norm1_lam10_seed3_ranking.csv,hinge2_fixed_norm1_lam10_seed3
1,136648,5657719,hinge2,dual,0.01,1e-06,100.0,0.3012886140341823,True,0.0,1000,5,80.80326129851638,33866376.0,8045764.0,41912140.0,825,120.81146240234375,165,45.04424071311951,1,0.0,/mmfs1/home/sv96/Feedback-arc-set-paper/datasets/yiannis_rocket_only_outputs/connectome_Seke_hinge2_dual_norm1_lam0_0p01_eta1em06_seed1_ranking.csv,hinge2_dual_norm1_lam0_0p01_eta1em06_seed1
2,136648,5657719,hinge2,dual,0.01,1e-06,100.0,0.3010451945094008,True,0.0,1000,5,80.80296544151646,33866252.0,8045888.0,41912140.0,825,120.80048775672913,165,45.02964997291565,1,0.0,/mmfs1/home/sv96/Feedback-arc-set-paper/datasets/yiannis_rocket_only_outputs/connectome_Seke_hinge2_dual_norm1_lam0_0p01_eta1em06_seed2_ranking.csv,hinge2_dual_norm1_lam0_0p01_eta1em06_seed2
3,136648,5657719,hinge2,dual,0.01,1e-06,100.0,0.3023426724437272,True,0.0,1000,5,80.8053418412899,33867248.0,8044892.0,41912140.0,825,120.75099802017212,165,45.06569504737854,1,0.0,/mmfs1/home/sv96/Feedback-arc-set-paper/datasets/yiannis_rocket_only_outputs/connectome_Seke_hinge2_dual_norm1_lam0_0p01_eta1em06_seed3_ranking.csv,hinge2_dual_norm1_lam0_0p01_eta1em06_seed3
1,136648,5657719,softplus,fixed,0.0,0.0,0.0,0.0,True,0.0,1000,5,81.46285062036918,34142824.0,7769316.0,41912140.0,1329,120.46354985237122,0,0.0,2,0.057239532470703125,/mmfs1/home/sv96/Feedback-arc-set-paper/datasets/yiannis_rocket_only_outputs/connectome_Seke_softplus_fixed_norm1_lam0_seed1_ranking.csv,softplus_fixed_norm1_lam0_seed1
2,136648,5657719,softplus,fixed,0.0,0.0,0.0,0.0,True,0.0,1000,5,81.46893954830271,34145376.0,7766764.0,41912140.0,1329,120.49782872200012,0,0.0,2,0.058031558990478516,/mmfs1/home/sv96/Feedback-arc-set-paper/datasets/yiannis_rocket_only_outputs/connectome_Seke_softplus_fixed_norm1_lam0_seed2_ranking.csv,softplus_fixed_norm1_lam0_seed2
3,136648,5657719,softplus,fixed,0.0,0.0,0.0,0.0,True,0.0,1000,5,81.4639290668527,34143276.0,7768864.0,41912140.0,1333,120.54171180725098,0,0.0,2,0.05648064613342285,/mmfs1/home/sv96/Feedback-arc-set-paper/datasets/yiannis_rocket_only_outputs/connectome_Seke_softplus_fixed_norm1_lam0_seed3_ranking.csv,softplus_fixed_norm1_lam0_seed3
1,136648,5657719,softplus,fixed,0.01,0.0,0.0,0.01,True,0.0,1000,5,80.90669672319285,33909728.0,8002412.0,41912140.0,830,120.58905911445618,166,44.54316997528076,1,0.0,/mmfs1/home/sv96/Feedback-arc-set-paper/datasets/yiannis_rocket_only_outputs/connectome_Seke_softplus_fixed_norm1_lam0p01_seed1_ranking.csv,softplus_fixed_norm1_lam0p01_seed1
2,136648,5657719,softplus,fixed,0.01,0.0,0.0,0.01,True,0.0,1000,5,80.92988809447573,33919448.0,7992692.0,41912140.0,834,120.50739288330078,166,44.261505126953125,1,0.0,/mmfs1/home/sv96/Feedback-arc-set-paper/datasets/yiannis_rocket_only_outputs/connectome_Seke_softplus_fixed_norm1_lam0p01_seed2_ranking.csv,softplus_fixed_norm1_lam0p01_seed2
3,136648,5657719,softplus,fixed,0.01,0.0,0.0,0.01,True,0.0,1000,5,80.9100561317079,33911136.0,8001004.0,41912140.0,821,120.50198459625244,164,45.35431933403015,1,0.0,/mmfs1/home/sv96/Feedback-arc-set-paper/datasets/yiannis_rocket_only_outputs/connectome_Seke_softplus_fixed_norm1_lam0p01_seed3_ranking.csv,softplus_fixed_norm1_lam0p01_seed3
1,136648,5657719,softplus,fixed,0.03,0.0,0.0,0.03,True,0.0,1000,5,80.87059262543025,33894596.0,8017544.0,41912140.0,821,120.5184645652771,164,45.34964680671692,1,0.0,/mmfs1/home/sv96/Feedback-arc-set-paper/datasets/yiannis_rocket_only_outputs/connectome_Seke_softplus_fixed_norm1_lam0p03_seed1_ranking.csv,softplus_fixed_norm1_lam0p03_seed1
2,136648,5657719,softplus,fixed,0.03,0.0,0.0,0.03,True,0.0,1000,5,80.88995694326275,33902712.0,8009428.0,41912140.0,820,120.51123189926147,164,45.39236378669739,1,0.0,/mmfs1/home/sv96/Feedback-arc-set-paper/datasets/yiannis_rocket_only_outputs/connectome_Seke_softplus_fixed_norm1_lam0p03_seed2_ranking.csv,softplus_fixed_norm1_lam0p03_seed2
3,136648,5657719,softplus,fixed,0.03,0.0,0.0,0.03,True,0.0,1000,5,80.88449790442579,33900424.0,8011716.0,41912140.0,820,120.52611112594604,164,45.444764614105225,1,0.0,/mmfs1/home/sv96/Feedback-arc-set-paper/datasets/yiannis_rocket_only_outputs/connectome_Seke_softplus_fixed_norm1_lam0p03_seed3_ranking.csv,softplus_fixed_norm1_lam0p03_seed3
1,136648,5657719,softplus,fixed,0.1,0.0,0.0,0.1,True,0.0,1000,5,80.75747026995043,33847184.0,8064956.0,41912140.0,820,120.47632122039795,164,45.45201349258423,1,0.0,/mmfs1/home/sv96/Feedback-arc-set-paper/datasets/yiannis_rocket_only_outputs/connectome_Seke_softplus_fixed_norm1_lam0p1_seed1_ranking.csv,softplus_fixed_norm1_lam0p1_seed1
2,136648,5657719,softplus,fixed,0.1,0.0,0.0,0.1,True,0.0,1000,5,80.7485754724049,33843456.0,8068684.0,41912140.0,821,120.50928521156311,164,45.45149827003479,1,0.0,/mmfs1/home/sv96/Feedback-arc-set-paper/datasets/yiannis_rocket_only_outputs/connectome_Seke_softplus_fixed_norm1_lam0p1_seed2_ranking.csv,softplus_fixed_norm1_lam0p1_seed2
3,136648,5657719,softplus,fixed,0.1,0.0,0.0,0.1,True,0.0,1000,5,80.76378824846452,33849832.0,8062308.0,41912140.0,822,120.50334239006042,164,45.342660665512085,1,0.0,/mmfs1/home/sv96/Feedback-arc-set-paper/datasets/yiannis_rocket_only_outputs/connectome_Seke_softplus_fixed_norm1_lam0p1_seed3_ranking.csv,softplus_fixed_norm1_lam0p1_seed3
1,136648,5657719,softplus,fixed,0.3,0.0,0.0,0.3,True,0.0,1000,5,80.44397637534136,33715792.0,8196348.0,41912140.0,822,120.476389169693,164,45.352983713150024,1,0.0,/mmfs1/home/sv96/Feedback-arc-set-paper/datasets/yiannis_rocket_only_outputs/connectome_Seke_softplus_fixed_norm1_lam0p3_seed1_ranking.csv,softplus_fixed_norm1_lam0p3_seed1
2,136648,5657719,softplus,fixed,0.3,0.0,0.0,0.3,True,0.0,1000,5,80.40389252374133,33698992.0,8213148.0,41912140.0,822,120.5267505645752,164,45.38991045951843,1,0.0,/mmfs1/home/sv96/Feedback-arc-set-paper/datasets/yiannis_rocket_only_outputs/connectome_Seke_softplus_fixed_norm1_lam0p3_seed2_ranking.csv,softplus_fixed_norm1_lam0p3_seed2
3,136648,5657719,softplus,fixed,0.3,0.0,0.0,0.3,True,0.0,1000,5,80.43753432776279,33713092.0,8199048.0,41912140.0,822,120.53508925437927,164,45.41852641105652,1,0.0,/mmfs1/home/sv96/Feedback-arc-set-paper/datasets/yiannis_rocket_only_outputs/connectome_Seke_softplus_fixed_norm1_lam0p3_seed3_ranking.csv,softplus_fixed_norm1_lam0p3_seed3
1,136648,5657719,softplus,fixed,1.0,0.0,0.0,1.0,True,0.0,1000,5,79.88660087506865,33482184.0,8429956.0,41912140.0,822,120.50461649894714,164,45.3067901134491,1,0.0,/mmfs1/home/sv96/Feedback-arc-set-paper/datasets/yiannis_rocket_only_outputs/connectome_Seke_softplus_fixed_norm1_lam1_seed1_ranking.csv,softplus_fixed_norm1_lam1_seed1
2,136648,5657719,softplus,fixed,1.0,0.0,0.0,1.0,True,0.0,1000,5,79.87994886445789,33479396.0,8432744.0,41912140.0,820,120.59535264968872,164,45.37134790420532,1,0.0,/mmfs1/home/sv96/Feedback-arc-set-paper/datasets/yiannis_rocket_only_outputs/connectome_Seke_softplus_fixed_norm1_lam1_seed2_ranking.csv,softplus_fixed_norm1_lam1_seed2
3,136648,5657719,softplus,fixed,1.0,0.0,0.0,1.0,True,0.0,1000,5,79.87754860524898,33478390.0,8433750.0,41912140.0,823,120.54929113388062,164,45.25751566886902,1,0.0,/mmfs1/home/sv96/Feedback-arc-set-paper/datasets/yiannis_rocket_only_outputs/connectome_Seke_softplus_fixed_norm1_lam1_seed3_ranking.csv,softplus_fixed_norm1_lam1_seed3
1,136648,5657719,softplus,fixed,3.0,0.0,0.0,3.0,True,0.0,1000,5,79.2706838639115,33224040.0,8688100.0,41912140.0,822,120.48281836509705,164,45.29579019546509,1,0.0,/mmfs1/home/sv96/Feedback-arc-set-paper/datasets/yiannis_rocket_only_outputs/connectome_Seke_softplus_fixed_norm1_lam3_seed1_ranking.csv,softplus_fixed_norm1_lam3_seed1
2,136648,5657719,softplus,fixed,3.0,0.0,0.0,3.0,True,0.0,1000,5,79.29082599934053,33232482.0,8679658.0,41912140.0,823,120.53076601028442,164,45.378015756607056,1,0.0,/mmfs1/home/sv96/Feedback-arc-set-paper/datasets/yiannis_rocket_only_outputs/connectome_Seke_softplus_fixed_norm1_lam3_seed2_ranking.csv,softplus_fixed_norm1_lam3_seed2
3,136648,5657719,softplus,fixed,3.0,0.0,0.0,3.0,True,0.0,1000,5,79.24929149406353,33215074.0,8697066.0,41912140.0,823,120.53604221343994,164,45.36464333534241,1,0.0,/mmfs1/home/sv96/Feedback-arc-set-paper/datasets/yiannis_rocket_only_outputs/connectome_Seke_softplus_fixed_norm1_lam3_seed3_ranking.csv,softplus_fixed_norm1_lam3_seed3
1,136648,5657719,softplus,fixed,10.0,0.0,0.0,10.0,True,0.0,1000,5,78.69409674619335,32982380.0,8929760.0,41912140.0,823,120.478675365448,164,45.34861922264099,1,0.0,/mmfs1/home/sv96/Feedback-arc-set-paper/datasets/yiannis_rocket_only_outputs/connectome_Seke_softplus_fixed_norm1_lam10_seed1_ranking.csv,softplus_fixed_norm1_lam10_seed1
2,136648,5657719,softplus,fixed,10.0,0.0,0.0,10.0,True,0.0,1000,5,78.72343430805489,32994676.0,8917464.0,41912140.0,823,120.46092534065247,164,45.298141956329346,1,0.0,/mmfs1/home/sv96/Feedback-arc-set-paper/datasets/yiannis_rocket_only_outputs/connectome_Seke_softplus_fixed_norm1_lam10_seed2_ranking.csv,softplus_fixed_norm1_lam10_seed2
3,136648,5657719,softplus,fixed,10.0,0.0,0.0,10.0,True,0.0,1000,5,78.70563516918965,32987216.0,8924924.0,41912140.0,823,120.54364967346191,164,45.32020664215088,1,0.0,/mmfs1/home/sv96/Feedback-arc-set-paper/datasets/yiannis_rocket_only_outputs/connectome_Seke_softplus_fixed_norm1_lam10_seed3_ranking.csv,softplus_fixed_norm1_lam10_seed3
1,136648,5657719,softplus,dual,0.01,1e-06,100.0,0.2694844621968839,True,0.0,1000,5,80.78383971803873,33858236.0,8053904.0,41912140.0,824,120.50703048706055,164,45.34719467163086,1,0.0,/mmfs1/home/sv96/Feedback-arc-set-paper/datasets/yiannis_rocket_only_outputs/connectome_Seke_softplus_dual_norm1_lam0_0p01_eta1em06_seed1_ranking.csv,softplus_dual_norm1_lam0_0p01_eta1em06_seed1
2,136648,5657719,softplus,dual,0.01,1e-06,100.0,0.269322210359404,True,0.0,1000,5,80.78866886777912,33860260.0,8051880.0,41912140.0,823,120.49417114257812,164,45.33239483833313,1,0.0,/mmfs1/home/sv96/Feedback-arc-set-paper/datasets/yiannis_rocket_only_outputs/connectome_Seke_softplus_dual_norm1_lam0_0p01_eta1em06_seed2_ranking.csv,softplus_dual_norm1_lam0_0p01_eta1em06_seed2
3,136648,5657719,softplus,dual,0.01,1e-06,100.0,0.27065201313667314,True,0.0,1000,5,80.78956598255303,33860636.0,8051504.0,41912140.0,823,120.53557515144348,164,45.3642520904541,1,0.0,/mmfs1/home/sv96/Feedback-arc-set-paper/datasets/yiannis_rocket_only_outputs/connectome_Seke_softplus_dual_norm1_lam0_0p01_eta1em06_seed3_ranking.csv,softplus_dual_norm1_lam0_0p01_eta1em06_seed3
1,136648,5657719,swap,fixed,0.0,0.0,0.0,0.0,True,0.0,1000,5,81.46891091698014,34145364.0,7766776.0,41912140.0,1335,120.45957255363464,0,0.0,2,0.05646967887878418,/mmfs1/home/sv96/Feedback-arc-set-paper/datasets/yiannis_rocket_only_outputs/connectome_Seke_swap_fixed_norm1_lam0_seed1_ranking.csv,swap_fixed_norm1_lam0_seed1
2,136648,5657719,swap,fixed,0.0,0.0,0.0,0.0,True,0.0,1000,5,81.47661274275187,34148592.0,7763548.0,41912140.0,1336,120.50967574119568,0,0.0,2,0.056305885314941406,/mmfs1/home/sv96/Feedback-arc-set-paper/datasets/yiannis_rocket_only_outputs/connectome_Seke_swap_fixed_norm1_lam0_seed2_ranking.csv,swap_fixed_norm1_lam0_seed2
3,136648,5657719,swap,fixed,0.0,0.0,0.0,0.0,True,0.0,1000,5,81.46827148410938,34145096.0,7767044.0,41912140.0,1336,120.5332465171814,0,0.0,2,0.0565032958984375,/mmfs1/home/sv96/Feedback-arc-set-paper/datasets/yiannis_rocket_only_outputs/connectome_Seke_swap_fixed_norm1_lam0_seed3_ranking.csv,swap_fixed_norm1_lam0_seed3
1,136648,5657719,swap,fixed,0.01,0.0,0.0,0.01,True,0.0,1000,5,80.90051235751741,33907136.0,8005004.0,41912140.0,830,120.74099087715149,166,44.88424015045166,1,0.0,/mmfs1/home/sv96/Feedback-arc-set-paper/datasets/yiannis_rocket_only_outputs/connectome_Seke_swap_fixed_norm1_lam0p01_seed1_ranking.csv,swap_fixed_norm1_lam0p01_seed1
2,136648,5657719,swap,fixed,0.01,0.0,0.0,0.01,True,0.0,1000,5,80.9305179835723,33919712.0,7992428.0,41912140.0,840,120.71425247192383,168,43.86589574813843,1,0.0,/mmfs1/home/sv96/Feedback-arc-set-paper/datasets/yiannis_rocket_only_outputs/connectome_Seke_swap_fixed_norm1_lam0p01_seed2_ranking.csv,swap_fixed_norm1_lam0p01_seed2
3,136648,5657719,swap,fixed,0.01,0.0,0.0,0.01,True,0.0,1000,5,80.919981656866,33915296.0,7996844.0,41912140.0,830,120.80841755867004,166,44.95515823364258,1,0.0,/mmfs1/home/sv96/Feedback-arc-set-paper/datasets/yiannis_rocket_only_outputs/connectome_Seke_swap_fixed_norm1_lam0p01_seed3_ranking.csv,swap_fixed_norm1_lam0p01_seed3
1,136648,5657719,swap,fixed,0.03,0.0,0.0,0.03,True,0.0,1000,5,80.86441780352901,33892008.0,8020132.0,41912140.0,829,120.54550766944885,165,44.663602352142334,1,0.0,/mmfs1/home/sv96/Feedback-arc-set-paper/datasets/yiannis_rocket_only_outputs/connectome_Seke_swap_fixed_norm1_lam0p03_seed1_ranking.csv,swap_fixed_norm1_lam0p03_seed1
2,136648,5657719,swap,fixed,0.03,0.0,0.0,0.03,True,0.0,1000,5,80.87800813797625,33897704.0,8014436.0,41912140.0,829,120.48391890525818,165,44.68648099899292,1,0.0,/mmfs1/home/sv96/Feedback-arc-set-paper/datasets/yiannis_rocket_only_outputs/connectome_Seke_swap_fixed_norm1_lam0p03_seed2_ranking.csv,swap_fixed_norm1_lam0p03_seed2
3,136648,5657719,swap,fixed,0.03,0.0,0.0,0.03,True,0.0,1000,5,80.89252421851998,33903788.0,8008352.0,41912140.0,829,120.47705841064453,165,44.699167013168335,1,0.0,/mmfs1/home/sv96/Feedback-arc-set-paper/datasets/yiannis_rocket_only_outputs/connectome_Seke_swap_fixed_norm1_lam0p03_seed3_ranking.csv,swap_fixed_norm1_lam0p03_seed3
1,136648,5657719,swap,fixed,0.1,0.0,0.0,0.1,True,0.0,1000,5,80.72430565463848,33833284.0,8078856.0,41912140.0,830,120.77814197540283,166,44.95081448554993,1,0.0,/mmfs1/home/sv96/Feedback-arc-set-paper/datasets/yiannis_rocket_only_outputs/connectome_Seke_swap_fixed_norm1_lam0p1_seed1_ranking.csv,swap_fixed_norm1_lam0p1_seed1
2,136648,5657719,swap,fixed,0.1,0.0,0.0,0.1,True,0.0,1000,5,80.72481147467059,33833496.0,8078644.0,41912140.0,830,120.79593658447266,166,44.937649965286255,1,0.0,/mmfs1/home/sv96/Feedback-arc-set-paper/datasets/yiannis_rocket_only_outputs/connectome_Seke_swap_fixed_norm1_lam0p1_seed2_ranking.csv,swap_fixed_norm1_lam0p1_seed2
3,136648,5657719,swap,fixed,0.1,0.0,0.0,0.1,True,0.0,1000,5,80.75575239059614,33846464.0,8065676.0,41912140.0,830,120.72439956665039,166,44.89775991439819,1,0.0,/mmfs1/home/sv96/Feedback-arc-set-paper/datasets/yiannis_rocket_only_outputs/connectome_Seke_swap_fixed_norm1_lam0p1_seed3_ranking.csv,swap_fixed_norm1_lam0p1_seed3
1,136648,5657719,swap,fixed,0.3,0.0,0.0,0.3,True,0.0,1000,5,80.3758338276213,33687232.0,8224908.0,41912140.0,830,120.77645659446716,166,44.96291947364807,1,0.0,/mmfs1/home/sv96/Feedback-arc-set-paper/datasets/yiannis_rocket_only_outputs/connectome_Seke_swap_fixed_norm1_lam0p3_seed1_ranking.csv,swap_fixed_norm1_lam0p3_seed1
2,136648,5657719,swap,fixed,0.3,0.0,0.0,0.3,True,0.0,1000,5,80.34071273860032,33672512.0,8239628.0,41912140.0,830,120.71462726593018,166,44.92402768135071,1,0.0,/mmfs1/home/sv96/Feedback-arc-set-paper/datasets/yiannis_rocket_only_outputs/connectome_Seke_swap_fixed_norm1_lam0p3_seed2_ranking.csv,swap_fixed_norm1_lam0p3_seed2
3,136648,5657719,swap,fixed,0.3,0.0,0.0,0.3,True,0.0,1000,5,80.38350702207046,33690448.0,8221692.0,41912140.0,829,120.47137975692749,165,44.66837453842163,1,0.0,/mmfs1/home/sv96/Feedback-arc-set-paper/datasets/yiannis_rocket_only_outputs/connectome_Seke_swap_fixed_norm1_lam0p3_seed3_ranking.csv,swap_fixed_norm1_lam0p3_seed3
1,136648,5657719,swap,fixed,1.0,0.0,0.0,1.0,True,0.0,1000,5,79.7259600678944,33414856.0,8497284.0,41912140.0,839,120.52727961540222,167,43.64120125770569,1,0.0,/mmfs1/home/sv96/Feedback-arc-set-paper/datasets/yiannis_rocket_only_outputs/connectome_Seke_swap_fixed_norm1_lam1_seed1_ranking.csv,swap_fixed_norm1_lam1_seed1
2,136648,5657719,swap,fixed,1.0,0.0,0.0,1.0,True,0.0,1000,5,79.65853330323863,33386596.0,8525544.0,41912140.0,817,120.53128552436829,163,44.7647488117218,1,0.0,/mmfs1/home/sv96/Feedback-arc-set-paper/datasets/yiannis_rocket_only_outputs/connectome_Seke_swap_fixed_norm1_lam1_seed2_ranking.csv,swap_fixed_norm1_lam1_seed2
3,136648,5657719,swap,fixed,1.0,0.0,0.0,1.0,True,0.0,1000,5,79.68245000135998,33396620.0,8515520.0,41912140.0,829,120.47650027275085,165,44.71340250968933,1,0.0,/mmfs1/home/sv96/Feedback-arc-set-paper/datasets/yiannis_rocket_only_outputs/connectome_Seke_swap_fixed_norm1_lam1_seed3_ranking.csv,swap_fixed_norm1_lam1_seed3
1,136648,5657719,swap,fixed,3.0,0.0,0.0,3.0,True,0.0,1000,5,78.5755821582959,32932708.0,8979432.0,41912140.0,828,120.52549362182617,165,44.74703764915466,1,0.0,/mmfs1/home/sv96/Feedback-arc-set-paper/datasets/yiannis_rocket_only_outputs/connectome_Seke_swap_fixed_norm1_lam3_seed1_ranking.csv,swap_fixed_norm1_lam3_seed1
2,136648,5657719,swap,fixed,3.0,0.0,0.0,3.0,True,0.0,1000,5,78.55668548539875,32924788.0,8987352.0,41912140.0,822,120.50938725471497,164,44.71944570541382,1,0.0,/mmfs1/home/sv96/Feedback-arc-set-paper/datasets/yiannis_rocket_only_outputs/connectome_Seke_swap_fixed_norm1_lam3_seed2_ranking.csv,swap_fixed_norm1_lam3_seed2
3,136648,5657719,swap,fixed,3.0,0.0,0.0,3.0,True,0.0,1000,5,78.56333749600951,32927576.0,8984564.0,41912140.0,825,120.6220269203186,165,44.868030071258545,1,0.0,/mmfs1/home/sv96/Feedback-arc-set-paper/datasets/yiannis_rocket_only_outputs/connectome_Seke_swap_fixed_norm1_lam3_seed3_ranking.csv,swap_fixed_norm1_lam3_seed3
1,136648,5657719,swap,fixed,10.0,0.0,0.0,10.0,True,0.0,1000,5,76.58371059077393,32097872.0,9814268.0,41912140.0,829,120.50585961341858,165,44.669801235198975,1,0.0,/mmfs1/home/sv96/Feedback-arc-set-paper/datasets/yiannis_rocket_only_outputs/connectome_Seke_swap_fixed_norm1_lam10_seed1_ranking.csv,swap_fixed_norm1_lam10_seed1
2,136648,5657719,swap,fixed,10.0,0.0,0.0,10.0,True,0.0,1000,5,76.52823263140465,32074620.0,9837520.0,41912140.0,830,120.7439591884613,166,44.95027017593384,1,0.0,/mmfs1/home/sv96/Feedback-arc-set-paper/datasets/yiannis_rocket_only_outputs/connectome_Seke_swap_fixed_norm1_lam10_seed2_ranking.csv,swap_fixed_norm1_lam10_seed2
3,136648,5657719,swap,fixed,10.0,0.0,0.0,10.0,True,0.0,1000,5,76.55883474334644,32087446.0,9824694.0,41912140.0,829,120.53168201446533,165,44.69816446304321,1,0.0,/mmfs1/home/sv96/Feedback-arc-set-paper/datasets/yiannis_rocket_only_outputs/connectome_Seke_swap_fixed_norm1_lam10_seed3_ranking.csv,swap_fixed_norm1_lam10_seed3
1,136648,5657719,swap,dual,0.01,1e-06,100.0,0.24700145280757635,True,0.0,1000,5,80.72866715944355,33835112.0,8077028.0,41912140.0,830,120.76442193984985,166,44.93351459503174,1,0.0,/mmfs1/home/sv96/Feedback-arc-set-paper/datasets/yiannis_rocket_only_outputs/connectome_Seke_swap_dual_norm1_lam0_0p01_eta1em06_seed1_ranking.csv,swap_dual_norm1_lam0_0p01_eta1em06_seed1
2,136648,5657719,swap,dual,0.01,1e-06,100.0,0.24751469045740476,True,0.0,1000,5,80.75336644704852,33845464.0,8066676.0,41912140.0,829,120.51005506515503,165,44.663825273513794,1,0.0,/mmfs1/home/sv96/Feedback-arc-set-paper/datasets/yiannis_rocket_only_outputs/connectome_Seke_swap_dual_norm1_lam0_0p01_eta1em06_seed2_ranking.csv,swap_dual_norm1_lam0_0p01_eta1em06_seed2
3,136648,5657719,swap,dual,0.01,1e-06,100.0,0.2473226052760255,True,0.0,1000,5,80.75042696459785,33844232.0,8067908.0,41912140.0,828,120.49000239372253,165,44.673845052719116,1,0.0,/mmfs1/home/sv96/Feedback-arc-set-paper/datasets/yiannis_rocket_only_outputs/connectome_Seke_swap_dual_norm1_lam0_0p01_eta1em06_seed3_ranking.csv,swap_dual_norm1_lam0_0p01_eta1em06_seed3
