Node ID,Order
1,0
2,1
3,2
4,3
5,4
6,5
7,6
8,7
9,8
10,9
11,10
12,11
13,12
452,13
554,14
24,15
25,16
27,17
29,18
34,19
36,20
38,21
39,22
40,23
41,24
42,25
43,26
44,27
80,28
539,29
238,30
538,31
237,32
154,33
537,34
406,35
405,36
56,37
62,38
128,39
130,40
225,41
307,42
331,43
338,44
368,45
506,46
508,47
510,48
217,49
258,50
292,51
432,52
175,53
239,54
270,55
57,56
170,57
228,58
247,59
267,60
311,61
320,62
333,63
467,64
511,65
332,66
309,67
286,68
200,69
556,70
95,71
426,72
418,73
410,74
133,75
283,76
323,77
206,78
266,79
248,80
459,81
277,82
385,83
513,84
468,85
96,86
134,87
352,88
346,89
58,90
357,91
334,92
306,93
300,94
288,95
114,96
496,97
356,98
205,99
227,100
504,101
310,102
377,103
451,104
512,105
287,106
222,107
369,108
466,109
425,110
384,111
102,112
599,113
604,114
314,115
378,116
393,117
433,118
522,119
313,120
322,121
605,122
193,123
557,124
337,125
611,126
178,127
140,128
291,129
119,130
141,131
612,132
177,133
264,134
290,135
360,136
541,137
551,138
619,139
202,140
593,141
419,142
573,143
521,144
209,145
546,146
626,147
577,148
345,149
533,150
568,151
157,152
618,153
460,154
231,155
81,156
341,157
235,158
256,159
409,160
575,161
275,162
583,163
588,164
563,165
245,166
318,167
579,168
589,169
582,170
495,171
601,172
587,173
364,174
625,175
595,176
120,177
255,178
565,179
82,180
600,181
213,182
194,183
236,184
74,185
540,186
570,187
594,188
254,189
296,190
450,191
569,192
273,193
113,194
276,195
487,196
319,197
365,198
342,199
214,200
274,201
112,202
75,203
150,204
327,205
250,206
269,207
523,208
478,209
315,210
90,211
581,212
564,213
257,214
578,215
574,216
299,217
402,218
187,219
443,220
488,221
297,222
47,223
105,224
156,225
252,226
67,227
69,228
108,229
179,230
181,231
363,232
395,233
399,234
437,235
68,236
146,237
339,238
394,239
398,240
525,241
527,242
529,243
106,244
183,245
211,246
435,247
439,248
480,249
482,250
484,251
50,252
124,253
325,254
375,255
301,256
501,257
499,258
497,259
103,260
176,261
476,262
361,263
520,264
64,265
391,266
65,267
139,268
434,269
232,270
392,271
519,272
477,273
289,274
210,275
474,276
312,277
251,278
101,279
475,280
271,281
63,282
52,283
164,284
85,285
491,286
104,287
143,288
145,289
233,290
340,291
397,292
446,293
524,294
526,295
528,296
518,297
100,298
138,299
359,300
336,301
127,302
598,303
66,304
142,305
163,306
180,307
436,308
374,309
61,310
517,311
472,312
430,313
389,314
51,315
586,316
224,317
572,318
182,319
107,320
49,321
207,322
229,323
136,324
173,325
60,326
329,327
195,328
212,329
440,330
262,331
171,332
386,333
427,334
469,335
514,336
326,337
230,338
208,339
174,340
137,341
99,342
263,343
580,344
316,345
144,346
201,347
567,348
438,349
362,350
324,351
135,352
428,353
387,354
515,355
470,356
293,357
304,358
335,359
358,360
390,361
431,362
473,363
89,364
592,365
479,366
516,367
388,368
429,369
244,370
576,371
481,372
396,373
414,374
98,375
471,376
249,377
97,378
59,379
172,380
223,381
562,382
483,383
70,384
86,385
268,386
408,387
620,388
192,389
558,390
191,391
559,392
367,393
560,394
493,395
607,396
79,397
622,398
216,399
590,400
448,401
591,402
447,403
615,404
613,405
542,406
553,407
602,408
614,409
548,410
584,411
621,412
608,413
606,414
547,415
585,416
596,417
552,418
543,419
627,420
628,421
629,422
449,423
532,424
155,425
401,426
148,427
215,428
71,429
344,430
118,431
531,432
117,433
530,434
111,435
494,436
110,437
407,438
234,439
492,440
109,441
184,442
147,443
317,444
485,445
400,446
441,447
185,448
72,449
253,450
294,451
486,452
442,453
186,454
149,455
73,456
272,457
295,458
77,459
536,460
153,461
535,462
534,463
151,464
161,465
343,466
298,467
279,468
445,469
78,470
453,471
188,472
630,473
199,474
221,475
403,476
457,477
190,478
413,479
189,480
303,481
162,482
321,483
455,484
490,485
243,486
116,487
278,488
498,489
609,490
610,491
597,492
603,493
48,494
616,495
366,496
372,497
454,498
550,499
624,500
165,501
545,502
631,503
347,504
420,505
617,506
196,507
302,508
348,509
404,510
561,511
379,512
203,513
87,514
566,515
571,516
505,517
129,518
83,519
88,520
115,521
240,522
500,523
555,524
265,525
166,526
45,527
259,528
373,529
461,530
126,531
53,532
218,533
152,534
158,535
219,536
280,537
456,538
380,539
23,540
91,541
167,542
370,543
411,544
349,545
246,546
14,547
376,548
92,549
121,550
46,551
125,552
260,553
350,554
489,555
226,556
32,557
54,558
421,559
415,560
84,561
241,562
204,563
19,564
507,565
330,566
122,567
242,568
416,569
444,570
502,571
197,572
417,573
462,574
353,575
371,576
412,577
281,578
463,579
33,580
458,581
381,582
159,583
76,584
160,585
198,586
544,587
623,588
55,589
20,590
35,591
422,592
354,593
123,594
220,595
549,596
93,597
21,598
503,599
423,600
261,601
465,602
131,603
37,604
382,605
94,606
383,607
284,608
22,609
509,610
168,611
424,612
282,613
464,614
355,615
132,616
26,617
305,618
285,619
169,620
15,621
28,622
308,623
351,624
16,625
328,626
31,627
30,628
18,629
17,630
