ranking_A,ranking_B,forward_w_A,forward_ratio_A,forward_w_B,forward_ratio_B,forward_w_gap,forward_ratio_gap,forward_w_gap_frac_total,n,mean_abs,median_abs,p90_abs,p95_abs,p99_abs,max_abs,mean_signed,std_signed,min_signed,max_signed,mean_abs_frac_n,p95_abs_frac_n,max_abs_frac_n,spearman_rho,kendall_tau_approx,overlap_top_100,overlap_top_500,overlap_top_1000,overlap_top_5000,overlap_top_10000
connectome_dimacs_scc_init,connectome_dimacs_scc_init_learning,21280355.0,0.5077372449190797,21280355.0,0.5077372449190797,0.0,0.0,0.0,136648,0.0,0.0,0.0,0.0,0.0,0,0.0,0.0,0,0,0.0,0.0,0.0,1.0,1.0,1.0,1.0,1.0,1.0,1.0
connectome_hybrid_ranking-48cpu,connectome_hybrid_ranking-24cpu,35463423.0,0.8461372326457863,35463349.0,0.8461354670476032,74.0,1.7655981831010692e-06,1.7655981831135756e-06,136648,712.1367601428487,218.5,2088.0,3848.0,5920.239999999991,31229,0.0,1612.1657462844105,-29185,31229,0.005211468591877296,0.02815994379720157,0.22853609273461742,0.9991648507989982,0.9859697895468432,1.0,1.0,1.0,1.0,0.9401
connectome_hybrid_ranking-48cpu,connectome_hybrid_ranking-12cpu,35463423.0,0.8461372326457863,35463823.0,0.8461467764197491,400.0,9.543773962783497e-06,9.543773962776084e-06,136648,714.7595134945261,244.0,1937.0,3452.649999999994,6727.119999999995,32497,0.0,1624.536833120437,-32497,31184,0.0052306620916114845,0.02526674375036586,0.23781540893390316,0.9991519844496178,0.9852997794966925,1.0,1.0,1.0,1.0,0.9411
35452425_ranking-24cpu,35452425_ranking-48cpu,35459216.0,0.8460368560031328,35458792.0,0.8460267396027323,424.0,1.0116400400494996e-05,1.011640040054265e-05,136648,716.574980973011,235.0,1588.300000000003,2775.649999999994,7472.059999999998,113850,0.0,2294.287949390677,-113850,101290,0.00524394781462598,0.020312408524091052,0.833162578303378,0.9983086225384953,0.9843897658464877,1.0,1.0,1.0,1.0,0.97
35452425_ranking-24cpu,35452425_ranking-12cpu,35459216.0,0.8460368560031328,35458293.0,0.8460148337447138,923.0,2.2022258419074348e-05,2.2022258419105813e-05,136648,803.3037439259997,259.0,1641.0,3581.649999999994,7646.529999999999,122658,0.0,2455.1601346422854,-122658,101258,0.005878635208169894,0.02621077513026165,0.8976201627539371,0.998063112758541,0.9831797476962154,1.0,1.0,1.0,1.0,0.9716
35452425_ranking-12cpu,35452425_ranking-48cpu,35458293.0,0.8460148337447138,35458792.0,0.8460267396027323,499.0,1.1905858018579352e-05,1.1905858018563165e-05,136648,835.289385867338,275.0,1762.0,3825.0,9604.529999999999,122505,0.0,2469.302435682189,-98992,122505,0.006112708461648454,0.027991628124817047,0.8965004976289445,0.998040734637968,0.9826297394460917,1.0,1.0,1.0,1.0,0.9854
connectome_hybrid_ranking-24cpu,connectome_hybrid_ranking-12cpu,35463349.0,0.8461354670476032,35463823.0,0.8461467764197491,474.0,1.1309372145884566e-05,1.130937214588966e-05,136648,886.7649581406241,291.0,2895.0,4144.649999999994,6670.059999999998,36085,0.0,1857.1460704897215,-36085,30126,0.006489410442455244,0.030330850067326227,0.2640726538258884,0.9988917523513869,0.9829697445461681,1.0,1.0,1.0,1.0,0.957
35435948_ranking-12cpu,35435948_ranking-24cpu,35448482.0,0.8457807488288417,35448587.0,0.8457832540695069,105.0,2.5052406652514847e-06,2.505240665228722e-06,136648,1077.0428839060944,345.0,3331.0,4568.0,8196.649999999994,125872,0.0,2789.2162889418328,-117063,125872,0.007881878138765985,0.03342895615010831,0.9211404484514958,0.9975001780526008,0.9783496752451287,1.0,1.0,1.0,1.0,0.9552
35452425_ranking-24cpu,35435948_ranking-12cpu,35459216.0,0.8460368560031328,35448482.0,0.8457807488288417,10734.0,0.0002561071742911425,0.00025610717429109625,136648,1440.841080732978,326.0,2466.300000000003,5256.649999999994,24697.589999999997,124764,0.0,5529.156452453917,-124764,122897,0.010544179795774385,0.038468546923482186,0.9130320238861893,0.9901765859694054,0.9647394710920664,1.0,1.0,1.0,1.0,0.9576
35452425_ranking-48cpu,35435948_ranking-12cpu,35458792.0,0.8460267396027323,35448482.0,0.8457807488288417,10310.0,0.0002459907738906475,0.00024599077389055355,136648,1449.5001463614542,330.0,2294.0,5501.0,24356.419999999984,124614,0.0,5535.52713270307,-124614,123143,0.010607547467664761,0.04025671799074996,0.9119343129793338,0.990153935902041,0.9641894628419426,1.0,1.0,1.0,1.0,0.9621
35452425_ranking-12cpu,35435948_ranking-12cpu,35458293.0,0.8460148337447138,35448482.0,0.8457807488288417,9811.0,0.00023408491587206814,0.0002340849158719904,136648,1573.243077103214,399.0,2986.300000000003,5841.0,23860.76999999999,124515,0.0,5611.772786568985,-124515,122663,0.011513107232474782,0.04274486271295592,0.9112098237808091,0.9898808310158642,0.9624594368915533,1.0,1.0,1.0,1.0,0.9655
connectome_hybrid_ranking-12cpu,35435948_ranking-12cpu,35463823.0,0.8461467764197491,35448482.0,0.8457807488288417,15341.0,0.0003660275909074251,0.0003660275909073698,136648,1606.3483256249633,656.0,2917.0,4353.649999999994,21544.53,126438,0.0,5931.046120797453,-126438,123088,0.011755373848318039,0.03186032726421165,0.9252824776066975,0.9886966469284539,0.9657994869923049,1.0,1.0,1.0,1.0,0.9583
35452425_ranking-12cpu,35435948_ranking-24cpu,35458293.0,0.8460148337447138,35448587.0,0.8457832540695069,9706.0,0.00023157967520681666,0.0002315796752067617,136648,1623.2414671272174,423.0,3345.0,6019.0,23202.119999999995,123555,0.0,5417.968486567816,-123555,122241,0.011878999086171897,0.04404747965575786,0.9041844739769335,0.9905676992390601,0.9625694385415782,1.0,1.0,1.0,1.0,0.9598
35452425_ranking-48cpu,35435948_ranking-24cpu,35458792.0,0.8460267396027323,35448587.0,0.8457832540695069,10205.0,0.000243485533225396,0.00024348553322532486,136648,1644.8490427960892,387.0,3939.600000000006,5917.649999999994,23357.649999999994,123687,0.0,5367.615047066865,-123687,122684,0.012037124896054748,0.04330579298635907,0.9051504595749663,0.9907422080981324,0.9619994299914498,1.0,1.0,1.0,1.0,0.9678
35452425_ranking-24cpu,35435948_ranking-24cpu,35459216.0,0.8460368560031328,35448587.0,0.8457832540695069,10629.0,0.000253601933625891,0.0002536019336258675,136648,1647.7010420935542,379.0,3951.300000000003,5788.0,23411.649999999994,124034,0.0,5511.293227052607,-124034,122424,0.012057996034289226,0.042357004859200284,0.9076898308061588,0.9902399570819919,0.9620894313414701,1.0,1.0,1.0,1.0,0.9533
connectome_hybrid_ranking-24cpu,35435948_ranking-24cpu,35463349.0,0.8461354670476032,35448587.0,0.8457832540695069,14762.0,0.00035221297809628904,0.0003522129780962514,136648,1661.81960950764,672.0,3125.0,4939.0,21034.53,126242,0.0,5873.956838018001,-126242,122292,0.012161316737220011,0.03614396112639775,0.9238481353550729,0.9889132005136912,0.9640594608919134,1.0,1.0,1.0,1.0,0.9728
connectome_hybrid_ranking-48cpu,35435948_ranking-12cpu,35463423.0,0.8461372326457863,35448482.0,0.8457807488288417,14941.0,0.0003564838169446416,0.0003564838169445937,136648,1706.5767226743164,695.0,2913.0,5832.0,21415.899999999965,126178,0.0,5977.096247292408,-126178,123087,0.012488852545769542,0.04267900005854458,0.9233797787014811,0.9885204413973713,0.9641994629919449,1.0,1.0,1.0,1.0,0.9371
connectome_hybrid_ranking-24cpu,35435948_ranking-12cpu,35463349.0,0.8461354670476032,35448482.0,0.8457807488288417,14867.0,0.0003547182187615405,0.00035471821876148014,136648,1715.0677653533166,700.0,3227.0,5675.0,21553.649999999994,126449,0.0,5972.3897294451335,-126449,122853,0.012550990613498307,0.04153006264270242,0.9253629764065335,0.9885385128733528,0.9639694595418932,1.0,1.0,1.0,1.0,0.9602
connectome_hybrid_ranking-12cpu,35435948_ranking-24cpu,35463823.0,0.8461467764197491,35448587.0,0.8457832540695069,15236.0,0.0003635223502421736,0.00036352235024214103,136648,1733.223815935835,688.0,3493.0,5541.649999999994,21122.359999999986,126231,0.0,5922.703193272163,-126231,122582,0.012683857911830652,0.04055419764650777,0.9237676365552369,0.9887284243679416,0.9633294499417491,1.0,1.0,1.0,1.0,0.9384
connectome_hybrid_ranking-48cpu,35435948_ranking-24cpu,35463423.0,0.8461372326457863,35448587.0,0.8457832540695069,14836.0,0.0003539785762793901,0.00035397857627936496,136648,1762.3643814764944,678.0,3661.0,5497.649999999994,20969.709999999992,126362,0.0,5918.981040554373,-126362,122549,0.012897110689336796,0.040232202447163475,0.9247263040805573,0.9887425872733709,0.9631694475417131,1.0,1.0,1.0,1.0,0.9257
connectome_hybrid_ranking-12cpu,35452425_ranking-24cpu,35463823.0,0.8461467764197491,35459216.0,0.8460368560031328,4607.0,0.0001099204166162826,0.00010992041661627355,136648,1771.3462180200222,590.0,2706.0,5209.0,25591.359999999986,126229,0.0,6412.799183685689,-126229,120533,0.012962840422252958,0.038119840758737776,0.9237530004098121,0.9867858275105585,0.9606394095911439,1.0,1.0,1.0,1.0,0.96
connectome_hybrid_ranking-12cpu,35452425_ranking-48cpu,35463823.0,0.8461467764197491,35458792.0,0.8460267396027323,5031.0,0.0001200368170167776,0.0001200368170168162,136648,1861.2016714478075,641.0,3248.0,5623.0,25794.76999999999,126323,0.0,6438.946236925303,-126323,120589,0.013620409164040509,0.041149522861659155,0.9244408992447749,0.9866778509333994,0.9581293719405791,1.0,1.0,1.0,1.0,0.9473
connectome_hybrid_ranking-12cpu,35452425_ranking-12cpu,35463823.0,0.8461467764197491,35458293.0,0.8460148337447138,5530.0,0.00013194267503535695,0.00013194267503537936,136648,1893.4378988349629,660.0,2942.300000000003,6265.649999999994,26293.359999999986,126364,0.0,6558.431812170471,-126364,120509,0.01385631622003222,0.04585248229026399,0.9247409402259821,0.9861788332668552,0.9582993744906173,1.0,1.0,1.0,1.0,0.9529
connectome_hybrid_ranking-48cpu,35452425_ranking-24cpu,35463423.0,0.8461372326457863,35459216.0,0.8460368560031328,4207.0,0.0001003766426534991,0.00010037664265349746,136648,1902.4657660558514,648.0,3497.300000000003,6386.0,25600.669999999955,126365,0.0,6453.580548099973,-126365,120527,0.01392238280879231,0.04673321234119782,0.9247482582986944,0.9866172254773223,0.9577393660904914,1.0,1.0,1.0,1.0,0.9411
connectome_hybrid_ranking-24cpu,35452425_ranking-48cpu,35463349.0,0.8461354670476032,35458792.0,0.8460267396027323,4557.0,0.00010872744487089303,0.00010872744487092655,136648,1944.9081874597507,677.0,3434.0,6661.649999999994,26128.47999999998,126334,0.0,6462.651009840745,-126334,120347,0.014232979534715112,0.0487504390843627,0.924521398044611,0.9865795802512851,0.9569593543903159,1.0,1.0,1.0,1.0,0.9784
connectome_hybrid_ranking-24cpu,35452425_ranking-24cpu,35463349.0,0.8461354670476032,35459216.0,0.8460368560031328,4133.0,9.861104447039803e-05,9.861104447038389e-05,136648,1958.6061266904749,674.0,3639.0,6615.649999999994,25554.0,126240,0.0,6482.774332604804,-126240,120291,0.014333222050015184,0.04841380773959366,0.9238334992096482,0.9864958734573032,0.9569693545403181,1.0,1.0,1.0,1.0,0.9617
connectome_hybrid_ranking-48cpu,35452425_ranking-48cpu,35463423.0,0.8461372326457863,35458792.0,0.8460267396027323,4631.0,0.0001104930430539941,0.00011049304305404011,136648,1979.7814091680814,699.0,3711.300000000003,6856.0,26064.0,126084,0.0,6481.078852556619,-126084,120583,0.014488184306891293,0.050172706516011946,0.9226918798665183,0.9865029361690014,0.9562893443401651,1.0,1.0,1.0,1.0,0.9291
connectome_hybrid_ranking-48cpu,35452425_ranking-12cpu,35463423.0,0.8461372326457863,35458293.0,0.8460148337447138,5130.0,0.00012239890107257345,0.0001223989010726033,136648,1991.4461682571277,700.0,3415.0,6313.0,25926.069999999978,126270,0.0,6573.2343044676445,-126270,120503,0.014573547862077218,0.04619899303319478,0.9240530413910193,0.9861163736426802,0.9566593498902484,1.0,1.0,1.0,1.0,0.9321
connectome_hybrid_ranking-24cpu,35452425_ranking-12cpu,35463349.0,0.8461354670476032,35458293.0,0.8460148337447138,5056.0,0.00012063330288947238,0.0001206333028894897,136648,2036.3194046016042,734.0,3731.0,6459.0,26101.23999999999,126375,0.0,6584.258245055381,-126375,120267,0.014901933468485482,0.047267431649200865,0.9248214390258181,0.9860697662629229,0.9562693440401606,1.0,1.0,1.0,1.0,0.9702
35435948,35452425,35435948.0,0.8454816946717182,35452425.0,0.8458748265806798,16477.0,0.0003931319089616192,0.00039313190896165384,136648,2967.8299279901644,491.0,7138.0,15354.299999999988,41947.01999999996,130339,0.0,8559.535660703812,-130339,128000,0.02171879521098124,0.11236388384754982,0.9538302792576547,0.9764579053026602,0.9229388440826612,0.05,0.108,0.204,0.696,0.85
bader,connectome_hybrid_ranking-24cpu,35459266.0,0.8460380489748782,35463349.0,0.8461354670476032,4083.0,9.741807272500846e-05,9.741807272503688e-05,136648,3106.256820443768,1720.0,4344.0,6570.9499999999825,26891.949999999983,134697,0.0,9715.13564706951,-134697,37657,0.022731813275304196,0.048086689889350616,0.9857224401381652,0.9696720937701928,0.9423491352370286,0.21,0.338,0.393,0.5194,0.8577
bader,connectome_hybrid_ranking-48cpu,35459266.0,0.8460380489748782,35463423.0,0.8461372326457863,4157.0,9.918367090810953e-05,9.918367090815046e-05,136648,3152.3062906153036,1734.0,4665.300000000003,7199.0,26731.649999999994,134697,0.0,9747.081412899828,-134697,34069,0.02306880664638563,0.052682805456355015,0.9857224401381652,0.9694723145531273,0.9417591263868959,0.21,0.338,0.393,0.5194,0.84
bader,connectome_hybrid_ranking-12cpu,35459266.0,0.8460380489748782,35463823.0,0.8461467764197491,4557.0,0.00010872744487089303,0.00010872744487092655,136648,3191.0982817165273,1775.0,4895.0,7393.0,26655.47999999998,134697,0.0,9753.604482366494,-134697,22875,0.023352689257922013,0.054102511562554884,0.9857224401381652,0.9694314406057392,0.9411991179867698,0.21,0.338,0.393,0.5194,0.8437
bader,35435948_ranking-24cpu,35459266.0,0.8460380489748782,35448587.0,0.8457832540695069,10679.0,0.0002547949053712806,0.0002547949053712145,136648,3857.9920525730345,2274.0,4784.300000000003,7565.649999999994,61427.50999999992,134700,0.0,11218.618758078235,-134700,125640,0.028233066364476863,0.055365976816345606,0.9857443943563023,0.9595588524667048,0.927368910533658,0.21,0.338,0.393,0.5194,0.8552
bader,35435948_ranking-12cpu,35459266.0,0.8460380489748782,35448482.0,0.8457807488288417,10784.0,0.00025730014603653206,0.0002573001460364432,136648,4005.97277676951,2244.0,6006.300000000003,8964.649999999994,63263.24999999962,134700,0.0,11319.483209187394,-134700,126104,0.02931600006417591,0.0656039605409519,0.9857443943563023,0.9588283862081632,0.9230588458826883,0.21,0.338,0.393,0.5194,0.8334
bader,35452425_ranking-48cpu,35459266.0,0.8460380489748782,35458792.0,0.8460267396027323,474.0,1.1309372145884566e-05,1.130937214588966e-05,136648,4206.344359229553,2274.0,6501.0,9660.649999999994,67009.79999999993,134698,0.0,11579.019493517317,-134698,122862,0.030782333874111244,0.07069733914876174,0.9857297582108776,0.9569187534359614,0.9175887638314575,0.21,0.338,0.393,0.5194,0.8529
bader,35452425_ranking-24cpu,35459266.0,0.8460380489748782,35459216.0,0.8460368560031328,50.0,1.1929717453895705e-06,1.1929717453470105e-06,136648,4221.758869504128,2294.0,6352.300000000003,9433.649999999994,65493.37999999995,134698,0.0,11582.419076105953,-134698,122806,0.03089513838112616,0.06903613664305364,0.9857297582108776,0.9568934525448525,0.9175987639814597,0.21,0.338,0.393,0.5194,0.8404
bader,35452425_ranking-12cpu,35459266.0,0.8460380489748782,35458293.0,0.8460148337447138,973.0,2.3215230164463918e-05,2.3215230164452825e-05,136648,4317.620192026228,2425.0,6295.300000000003,9610.649999999994,69995.90999999995,134698,0.0,11655.662277798561,-134698,122782,0.031596658509646894,0.07033143551314322,0.9857297582108776,0.9563465470595129,0.9168987534813022,0.21,0.338,0.393,0.5194,0.8486
connectome_dimacs_hybrid_ranking_learning-48cpu,connectome_adaptive_out_over_inplus1_learning_ranking,32275253.0,0.7700692980585268,31535251.0,0.7524132685085212,740002.0,0.01765602955000556,0.01765602955000557,136648,6585.008196241438,3882.0,12604.300000000003,19479.649999999994,57739.53999999998,130850,0.0,12973.346434517172,-130182,130850,0.04818956879165036,0.14255349511152737,0.9575698144136761,0.9459185008348079,0.8583178747681215,0.04,0.082,0.138,0.5586,0.6457
bader,connectome_paper_fas_ranking,35459266.0,0.8460380489748782,34660410.0,0.8269777962428596,798856.0,0.019060252732018612,0.01906025273201863,136648,9974.958887067502,5350.0,21364.600000000006,32137.649999999994,90248.36999999997,134191,0.0,18396.79587550938,-132476,134191,0.07299747443846599,0.2351856595047128,0.9820194953457058,0.891250048923909,0.7753266298994484,0.01,0.048,0.078,0.3864,0.7392
connectome_paper_fas_ranking_20260202_123552,connectome_paper_fas_ranking,33799077.0,0.80642687759616,34660410.0,0.8269777962428596,861333.0,0.020550918646699556,0.020550918646699532,136648,9994.174389672737,6287.0,18680.0,26135.29999999999,90621.84999999995,133020,0.0,18013.8496931269,-133020,29592,0.07313809488373585,0.19126002575961587,0.97345003219952,0.8957303872935213,0.8004770071551073,0.3,0.23,0.331,0.462,0.5903
connectome_paper_fas_ranking,connectome_hybrid_ranking-12cpu,34660410.0,0.8269777962428596,35463823.0,0.8461467764197491,803413.0,0.019168980176889505,0.019168980176889557,136648,10945.114601018675,5647.0,22269.0,35537.899999999965,98438.59999999998,135921,0.0,20725.99546519647,-135921,127504,0.08009714449548237,0.26006893624495026,0.9946797611381066,0.8619693641377894,0.7550263253948809,0.05,0.052,0.094,0.4132,0.716
connectome_paper_fas_ranking,35452425_ranking-24cpu,34660410.0,0.8269777962428596,35459216.0,0.8460368560031328,798806.0,0.019059059760273223,0.01905905976027328,136648,11075.969951993444,5801.0,22396.0,36495.649999999994,99467.41999999998,135921,0.0,20820.56078579223,-135921,127624,0.08105475346871849,0.2670778203852233,0.9946797611381066,0.8607069215938495,0.7540463106946604,0.05,0.052,0.094,0.4132,0.717
connectome_paper_fas_ranking,connectome_hybrid_ranking-48cpu,34660410.0,0.8269777962428596,35463423.0,0.8461372326457863,803013.0,0.01915943640292672,0.01915943640292678,136648,11083.274998536386,5897.0,22348.300000000003,35900.649999999994,98355.06999999998,135921,0.0,20708.125209975413,-135921,128100,0.08110821233048698,0.26272356712136286,0.9946797611381066,0.862207285573958,0.7532662989944849,0.05,0.052,0.094,0.4132,0.7157
connectome_paper_fas_ranking,connectome_hybrid_ranking-24cpu,34660410.0,0.8269777962428596,35463349.0,0.8461354670476032,802939.0,0.01915767080474362,0.019157670804743666,136648,11101.20367659973,5912.0,22253.0,35882.94999999998,98701.9299999999,135921,0.0,20732.721505985588,-135921,127551,0.08123941570019123,0.2625940372343538,0.9946797611381066,0.8618797616546119,0.7531962979444692,0.05,0.052,0.094,0.4132,0.7195
connectome_paper_fas_ranking,35452425_ranking-48cpu,34660410.0,0.8269777962428596,35458792.0,0.8460267396027323,798382.0,0.019048943359872728,0.019048943359872738,136648,11126.857253673672,5809.0,22359.90000000001,36352.29999999999,99476.47999999998,135921,0.0,20859.483131369503,-135921,127538,0.08142715044255072,0.26602877466190494,0.9946797611381066,0.8601856406329051,0.7531562973444602,0.05,0.052,0.094,0.4132,0.7193
35452425,35452425_ranking-12cpu,35452425.0,0.8458748265806798,35458293.0,0.8460148337447138,5868.0,0.00014000716403395064,0.00014000716403392516,136648,11167.413968737193,7158.0,15568.0,45327.649999999994,98181.65,132592,0.0,21186.505884729613,-128285,132592,0.08172394743236047,0.3317110385808793,0.9703178970786254,0.8557674216800712,0.801147017205258,0.01,0.066,0.127,0.372,0.4426
35435948,35435948_ranking-24cpu,35435948.0,0.8454816946717182,35448587.0,0.8457832540695069,12639.0,0.0003015593977887532,0.0003015593977888173,136648,11178.046601487033,7188.0,15142.600000000006,47179.54999999996,98203.71999999997,131161,0.0,21274.248444477056,-124967,131161,0.08180175781194772,0.34526337743691793,0.9598457350272233,0.8545702878703252,0.8021770326554898,0.01,0.06,0.106,0.3678,0.4434
connectome_paper_fas_ranking,35452425_ranking-12cpu,34660410.0,0.8269777962428596,35458293.0,0.8460148337447138,797883.0,0.019037037501854148,0.019037037501854176,136648,11201.19741232949,5947.0,22773.500000000015,36607.649999999994,99133.76999999999,135921,0.0,20897.35452958082,-135921,127476,0.08197117712904316,0.2678974445290088,0.9946797611381066,0.8596775003421451,0.7517862767941519,0.05,0.052,0.094,0.4132,0.719
connectome_paper_fas_ranking,35435948_ranking-12cpu,34660410.0,0.8269777962428596,35448482.0,0.8457807488288417,788072.0,0.01880295258598208,0.018802952585982188,136648,11207.79532814238,5867.0,22492.0,36437.84999999995,99753.94999999987,135920,0.0,21023.41306727555,-135920,127567,0.08201946115671199,0.266654835782448,0.9946724430653943,0.8579794671229906,0.7510462656939854,0.05,0.052,0.094,0.4132,0.7175
connectome_paper_fas_ranking,35435948_ranking-24cpu,34660410.0,0.8269777962428596,35448587.0,0.8457832540695069,788177.0,0.01880545782664733,0.018805457826647415,136648,11254.42610210175,5969.0,22618.0,36482.24999999997,99009.13999999996,135920,0.0,21016.97810934546,-135920,128100,0.08236070855118077,0.2669797582108774,0.9946724430653943,0.8580663946153301,0.7495362430436456,0.05,0.052,0.094,0.4132,0.7207
35435948,35435948_ranking-12cpu,35435948.0,0.8454816946717182,35448482.0,0.8457807488288417,12534.0,0.0002990541571235017,0.0002990541571235886,136648,11321.438894092851,7257.0,15528.300000000003,47115.649999999994,98233.82999999999,131161,0.0,21544.333344774986,-124967,131161,0.0828511130356306,0.3447957525905977,0.9598457350272233,0.8508542744440146,0.7972869593043895,0.01,0.06,0.106,0.3678,0.445
35452425,35452425_ranking-48cpu,35452425.0,0.8458748265806798,35458792.0,0.8460267396027323,6367.0,0.00015191302205253,0.00015191302205248833,136648,11336.936845032493,7334.0,15559.0,46621.19999999995,98221.70999999999,132592,0.0,21416.57150301054,-128285,132592,0.08296452816749965,0.3411773315379658,0.9703178970786254,0.8526179523514767,0.7975169627544413,0.01,0.066,0.127,0.372,0.4398
35452425,35452425_ranking-24cpu,35452425.0,0.8458748265806798,35459216.0,0.8460368560031328,6791.0,0.00016202942245302498,0.00016202942245303098,136648,11347.249941455419,7308.0,15920.0,46443.29999999987,98248.53,132592,0.0,21414.130406565768,-128285,132592,0.08304000015701231,0.3398754464024345,0.9703178970786254,0.8526515481386157,0.7972869593043895,0.01,0.066,0.127,0.372,0.4351
35452425,35435948_ranking-24cpu,35452425.0,0.8458748265806798,35448587.0,0.8457832540695069,3838.0,9.157251117286602e-05,9.157251117283653e-05,136648,11373.570180317312,7257.0,16868.20000000001,49399.24999999997,98425.12,133786,0.0,21461.689036937867,-133786,132592,0.08323261357881061,0.36150730343656673,0.9790556758971957,0.8519963291675134,0.7938969084536268,0.01,0.066,0.127,0.372,0.4339
35452425,35435948_ranking-12cpu,35452425.0,0.8458748265806798,35448482.0,0.8457807488288417,3943.0,9.407775183811751e-05,9.407775183806525e-05,136648,11523.548738364265,7311.0,17071.0,49445.649999999994,98497.12,132592,0.0,21736.70901957927,-131982,132592,0.08433016757189468,0.3618468620104209,0.9703178970786254,0.8481788508118598,0.788906833602504,0.01,0.066,0.127,0.372,0.4343
35435948,35452425_ranking-12cpu,35435948.0,0.8454816946717182,35458293.0,0.8460148337447138,22345.0,0.0005331390729955698,0.0005331390729955791,136648,11535.320443767929,7198.0,17655.300000000003,49729.149999999936,98418.29999999999,131161,0.0,21716.94457751399,-127954,131161,0.0844163137679873,0.3639215356243775,0.9598457350272233,0.8484548167923672,0.7879068186022791,0.01,0.06,0.106,0.3678,0.4478
35435948,35452425_ranking-48cpu,35435948.0,0.8454816946717182,35458792.0,0.8460267396027323,22844.0,0.0005450449310141492,0.0005450449310141421,136648,11702.178517065746,7373.0,17590.300000000003,51274.59999999998,98418.29999999999,131161,0.0,21937.05461321617,-127945,131161,0.08563739328102676,0.3752312510977107,0.9598457350272233,0.8453673053814705,0.7855567833517503,0.01,0.06,0.106,0.3678,0.4458
35435948,35452425_ranking-24cpu,35435948.0,0.8454816946717182,35459216.0,0.8460368560031328,23268.0,0.0005551613314146442,0.0005551613314146848,136648,11714.505898366606,7353.0,17823.0,51202.94999999998,98444.88999999998,131161,0.0,21936.340160789678,-127440,131161,0.08572760595373957,0.3747069111878694,0.9598457350272233,0.8453773774633245,0.7852667790016851,0.01,0.06,0.106,0.3678,0.4392
35435948,connectome_hybrid_ranking-48cpu,35435948.0,0.8454816946717182,35463423.0,0.8461372326457863,27475.0,0.0006555379740681433,0.0006555379740681823,136648,11802.545694046015,7815.0,16808.300000000003,53538.29999999999,98824.94999999998,131161,0.0,21811.34254129267,-128483,131161,0.08637188758010374,0.39179717229670386,0.9598457350272233,0.8471344977254693,0.7862067931018966,0.01,0.06,0.106,0.3678,0.4399
connectome_hybrid_ranking-48cpu,35452425,35463423.0,0.8461372326457863,35452425.0,0.8458748265806798,10998.0,0.0002624060651065241,0.0002624060651065284,136648,11826.506352087114,7847.0,17484.300000000003,52838.649999999994,98789.41999999998,132592,0.0,21756.594206985326,-132592,128548,0.08654723341788474,0.3866770827234939,0.9703178970786254,0.8479009455485559,0.784626769401541,0.01,0.066,0.127,0.372,0.4329
35435948,connectome_hybrid_ranking-24cpu,35435948.0,0.8454816946717182,35463349.0,0.8461354670476032,27401.0,0.0006537723758850422,0.0006537723758850687,136648,11833.332211228852,7905.0,16746.600000000006,53823.649999999994,98776.06,131161,0.0,21855.233079482176,-128304,131161,0.08659718555140837,0.39388538434517884,0.9598457350272233,0.8465186622078892,0.7867368010520158,0.01,0.06,0.106,0.3678,0.4388
connectome_hybrid_ranking-24cpu,35452425,35463349.0,0.8461354670476032,35452425.0,0.8458748265806798,10924.0,0.000260640466923423,0.0002606404669234149,136648,11863.829679175693,7941.0,17364.20000000001,53333.0,98769.12,132592,0.0,21802.391318305083,-132592,128419,0.08682036823938655,0.39029477196885426,0.9703178970786254,0.8472599418532826,0.7845367680515207,0.01,0.066,0.127,0.372,0.4301
35435948,connectome_hybrid_ranking-12cpu,35435948.0,0.8454816946717182,35463823.0,0.8461467764197491,27875.0,0.0006650817480309268,0.0006650817480309583,136648,11939.550904513788,7758.0,16972.0,54512.84999999995,98846.59,131161,0.0,22062.69612709145,-127828,131161,0.08737450167228052,0.3989290000585442,0.9598457350272233,0.8435909573137812,0.7837667565013475,0.01,0.06,0.106,0.3678,0.4421
connectome_hybrid_ranking-12cpu,35452425,35463823.0,0.8461467764197491,35452425.0,0.8458748265806798,11398.0,0.0002719498390693076,0.00027194983906930455,136648,11960.591973537848,7790.0,17642.300000000003,53714.59999999998,98851.12,132592,0.0,22007.28685370044,-132592,128687,0.0875284817453446,0.39308734851589466,0.9703178970786254,0.8443755965635614,0.782146732200983,0.01,0.066,0.127,0.372,0.4336
35435948,bader,35435948.0,0.8454816946717182,35459266.0,0.8460380489748782,23318.0,0.0005563543031600338,0.0005563543031600318,136648,12322.447500146362,8911.0,15623.300000000003,63054.149999999936,98316.35999999999,130507,0.0,22474.526128489324,-130507,130037,0.0901765668004388,0.461434854516714,0.9550597154733329,0.837697287526209,0.781626724400866,0.03,0.06,0.118,0.4264,0.4942
bader,35452425,35459266.0,0.8460380489748782,35452425.0,0.8458748265806798,6841.0,0.00016322239419841456,0.000163222394198378,136648,12356.569185059423,8935.0,16487.600000000006,62533.59999999998,98335.0,132967,0.0,22447.42998666094,-132967,130818,0.09042627177170118,0.45762543176628984,0.9730621743457643,0.8380884082312737,0.7797266959004385,0.01,0.072,0.123,0.4164,0.4859
connectome_paper_fas_ranking_20260202_123552,bader,33799077.0,0.80642687759616,35459266.0,0.8460380489748782,1660189.0,0.03961117137871817,0.03961117137871816,136648,14219.008518236637,9075.5,27863.300000000003,51470.449999999924,98084.24999999997,135192,0.0,23494.231719258572,-135192,132794,0.1040557382342708,0.37666449563842813,0.9893448861307886,0.822635300817426,0.6979854697820468,0.0,0.02,0.031,0.1962,0.47
connectome_paper_fas_ranking_20260202_123552,connectome_hybrid_ranking-12cpu,33799077.0,0.80642687759616,35463823.0,0.8461467764197491,1664746.0,0.03971989882358906,0.03971989882358909,136648,15585.31145717464,9961.5,29512.0,63975.0,106066.59,135248,0.0,25295.405648954482,-135248,126382,0.11405444248854457,0.46817370177390083,0.9897546982026814,0.7943976909568626,0.6762051430771462,0.01,0.028,0.041,0.1892,0.432
connectome_paper_fas_ranking_20260202_123552,connectome_hybrid_ranking-48cpu,33799077.0,0.80642687759616,35463423.0,0.8461372326457863,1664346.0,0.03971035504962628,0.03971035504962631,136648,15612.792459457878,10019.0,29655.600000000006,62994.0,106046.0,135248,0.0,25316.49213899945,-135248,128364,0.11425555046146214,0.4609946724430654,0.9897546982026814,0.7940547640134272,0.6751451271769077,0.01,0.028,0.041,0.1892,0.4299
connectome_paper_fas_ranking_20260202_123552,connectome_hybrid_ranking-24cpu,33799077.0,0.80642687759616,35463349.0,0.8461354670476032,1664272.0,0.03970858945144318,0.0397085894514432,136648,15621.315657748375,9961.0,29801.300000000003,62167.59999999998,106053.59,135248,0.0,25320.564838527633,-135248,125732,0.11431792384629394,0.4549470171535623,0.9897546982026814,0.7939884972868587,0.6747351210268154,0.01,0.028,0.041,0.1892,0.4342
connectome_paper_fas_ranking_20260202_123552,35452425_ranking-24cpu,33799077.0,0.80642687759616,35459216.0,0.8460368560031328,1660139.0,0.03960997840697278,0.039609978406972814,136648,15836.867864879105,10197.0,30104.600000000006,62683.24999999997,106119.18,135248,0.0,25488.784550876073,-135248,126247,0.11589535057138857,0.45872058134769605,0.9897546982026814,0.7912420883040336,0.6730650959764396,0.01,0.028,0.041,0.1892,0.432
connectome_paper_fas_ranking_20260202_123552,35452425_ranking-48cpu,33799077.0,0.80642687759616,35458792.0,0.8460267396027323,1659715.0,0.039599862006572284,0.03959986200657227,136648,15867.094886130788,10221.0,30254.300000000003,62500.29999999999,106085.53,135248,0.0,25516.82861727943,-135248,125705,0.11611655411078675,0.457381739944968,0.9897546982026814,0.790782463295793,0.6730550958264374,0.01,0.028,0.041,0.1892,0.4341
connectome_paper_fas_ranking_20260202_123552,35435948_ranking-24cpu,33799077.0,0.80642687759616,35448587.0,0.8457832540695069,1649510.0,0.03935637647334689,0.03935637647334695,136648,15895.423965224518,10053.0,30462.500000000015,64274.69999999966,106106.53,135247,0.0,25656.33365293735,-135247,128364,0.11632386837146916,0.4703669281657958,0.989747380129969,0.7884885508867779,0.6695350430256454,0.01,0.028,0.041,0.1892,0.435
connectome_paper_fas_ranking_20260202_123552,35435948_ranking-12cpu,33799077.0,0.80642687759616,35448482.0,0.8457807488288417,1649405.0,0.039353871232681636,0.03935387123268172,136648,15927.596627832094,10365.0,30176.0,63942.29999999999,106160.47999999998,135247,0.0,25627.712651053873,-135247,126854,0.11655931025578196,0.46793440079620624,0.989747380129969,0.7889601921641664,0.6704850572758592,0.01,0.028,0.041,0.1892,0.43
connectome_paper_fas_ranking_20260202_123552,35452425_ranking-12cpu,33799077.0,0.80642687759616,35458293.0,0.8460148337447138,1659216.0,0.039587956148553705,0.03958795614855371,136648,15931.323122182543,10211.0,30428.600000000006,62986.09999999992,106106.53,135248,0.0,25583.032749058686,-135248,125592,0.11658658101240078,0.46093685966863707,0.9897546982026814,0.7896954133282235,0.6713250698760481,0.01,0.028,0.041,0.1892,0.4338
connectome_paper_fas_ranking,35452425,34660410.0,0.8269777962428596,35452425.0,0.8458748265806798,792015.0,0.018897030337820198,0.01889703033782025,136648,16745.56218898191,10349.0,33218.600000000006,77320.14999999994,101104.18,134287,0.0,27201.6304168049,-134287,133634,0.12254524170849122,0.5658344798313911,0.9827220303260933,0.7622423156136181,0.6488747331209969,0.01,0.046,0.075,0.312,0.4324
35435948,connectome_paper_fas_ranking,35435948.0,0.8454816946717182,34660410.0,0.8269777962428596,775538.0,0.01850389842885858,0.018503898428858596,136648,16803.008298694454,10360.0,33513.600000000006,77872.94999999998,101036.59,135500,0.0,27312.74302314407,-135500,133807,0.12296563651641045,0.5698799104267899,0.9915988525261987,0.760295974077785,0.6452546788201823,0.0,0.036,0.069,0.3314,0.4409
connectome_dimacs_hybrid_ranking_learning-48cpu,35452425_ranking-12cpu,32275253.0,0.7700692980585268,35458293.0,0.8460148337447138,3183040.0,0.075945535686187,0.07594553568618696,136648,20969.01648029975,12621.0,53154.3,73586.54999999996,105822.65,127615,0.0,31377.444676145977,-127527,127615,0.15345278730972828,0.5385117235524849,0.9338958491891576,0.6836412607858452,0.5306929603944059,0.05,0.074,0.168,0.7484,0.8039
connectome_dimacs_hybrid_ranking_learning-48cpu,35452425_ranking-24cpu,32275253.0,0.7700692980585268,35459216.0,0.8460368560031328,3183963.0,0.07596755794460608,0.07596755794460608,136648,20998.892936596218,12751.0,52905.0,73775.84999999995,105870.06,127708,0.0,31376.860524907654,-127708,126502,0.1536714253892938,0.5398970347169366,0.934576429951408,0.6836530399240739,0.5304529567943519,0.05,0.074,0.168,0.7484,0.7919
connectome_dimacs_hybrid_ranking_learning-48cpu,connectome_hybrid_ranking-48cpu,32275253.0,0.7700692980585268,35463423.0,0.8461372326457863,3188170.0,0.07606793458725958,0.07606793458725958,136648,21015.566814003865,12838.0,53521.10000000002,72664.0,106077.65,128604,0.0,31364.39513279631,-127649,128604,0.15379344603656012,0.5317604355716878,0.9411334231016919,0.6839043464933285,0.52973294599419,0.05,0.074,0.168,0.7484,0.7779
connectome_dimacs_hybrid_ranking_learning-48cpu,35452425_ranking-48cpu,32275253.0,0.7700692980585268,35458792.0,0.8460267396027323,3183539.0,0.07595744154420558,0.07595744154420553,136648,21026.335592178442,12671.0,52967.90000000001,73842.65,105969.06,127641,0.0,31418.77072418807,-126829,127641,0.15387225273826505,0.5403858819741233,0.9340861190796792,0.6828073837042817,0.5301829527442912,0.05,0.074,0.168,0.7484,0.801
connectome_dimacs_hybrid_ranking_learning-48cpu,connectome_hybrid_ranking-12cpu,32275253.0,0.7700692980585268,35463823.0,0.8461467764197491,3188570.0,0.07607747836122236,0.07607747836122235,136648,21031.70988232539,12836.5,53894.40000000005,73486.44999999992,106022.65,127666,0.0,31428.9889426852,-127553,127666,0.1539115821843378,0.5377791844739764,0.9342690708974885,0.6826010312317168,0.528972934594019,0.05,0.074,0.168,0.7484,0.8005
connectome_dimacs_hybrid_ranking_learning-48cpu,connectome_hybrid_ranking-24cpu,32275253.0,0.7700692980585268,35463349.0,0.8461354670476032,3188096.0,0.07606616898907648,0.07606616898907646,136648,21066.255927638897,13054.0,53544.3,72855.0,106188.70999999999,127692,0.0,31405.212640483733,-127692,127677,0.15416439265586687,0.5331581874597506,0.9344593407880101,0.6830810797174904,0.5293629404441067,0.05,0.074,0.168,0.7484,0.7964
connectome_dimacs_hybrid_ranking_learning-48cpu,35435948_ranking-12cpu,32275253.0,0.7700692980585268,35448482.0,0.8457807488288417,3173229.0,0.07571145077031494,0.07571145077031498,136648,21068.05466600316,12902.0,53592.3,74372.29999999999,105917.59,127662,0.0,31485.879864602004,-126919,127662,0.1541775559540071,0.5442618991862302,0.934239798606639,0.6814509170518377,0.5286329294939424,0.05,0.074,0.168,0.7484,0.7998
connectome_dimacs_hybrid_ranking_learning-48cpu,35435948_ranking-24cpu,32275253.0,0.7700692980585268,35448587.0,0.8457832540695069,3173334.0,0.07571395601098019,0.0757139560109802,136648,21099.087158246006,13116.5,53495.90000000001,73857.65,105835.76999999999,127652,0.0,31443.13728567377,-126809,127652,0.1544046539886863,0.5404956530648088,0.9341666178795153,0.6823152008308936,0.5286029290439357,0.05,0.074,0.168,0.7484,0.7917
connectome_dimacs_hybrid_ranking_learning-48cpu,connectome_paper_fas_ranking,32275253.0,0.7700692980585268,34660410.0,0.8269777962428596,2385157.0,0.056908498184332856,0.056908498184332794,136648,21342.24092558984,12947.0,53350.600000000006,76714.29999999999,110419.65,135442,0.0,32014.62503786171,-128933,135442,0.1561840709383953,0.5614008254786018,0.9911744043088813,0.6706622377084541,0.5223828357425362,0.59,0.586,0.565,0.5548,0.672
connectome_paper_fas_ranking_20260202_123552,35452425,33799077.0,0.80642687759616,35452425.0,0.8458748265806798,1653348.0,0.039447948984519754,0.03944794898451978,136648,21546.315101574848,15466.0,48604.500000000015,81023.19999999995,104554.76999999999,134335,0.0,31569.065770331683,-134335,133013,0.15767750059697067,0.5929336689889347,0.983073297816287,0.6797654758893736,0.5621134317014755,0.01,0.018,0.029,0.1542,0.3089
35435948,connectome_paper_fas_ranking_20260202_123552,35435948.0,0.8454816946717182,33799077.0,0.80642687759616,1636871.0,0.039054817075558135,0.03905481707555813,136648,21600.641838885313,15512.0,49158.00000000009,81420.59999999998,104617.06,135764,0.0,31654.023317560903,-135764,134340,0.1580750676108345,0.5958418710848309,0.9935308237222645,0.6780395491057469,0.5600534008010121,0.0,0.01,0.025,0.1592,0.3128
connectome_dimacs_hybrid_ranking_learning-48cpu,bader,32275253.0,0.7700692980585268,35459266.0,0.8460380489748782,3184013.0,0.07596875091635147,0.07596875091635143,136648,22221.34664246824,14119.5,55494.80000000002,78057.89999999997,109359.35999999999,131333,0.0,32779.856850110744,-129140,131333,0.162617430496372,0.5712333879749426,0.9611044435337509,0.6547300384704529,0.5045925688885333,0.01,0.032,0.066,0.3924,0.748
connectome_paper_fas_ranking_20260202_123552,connectome_dimacs_hybrid_ranking_learning-48cpu,33799077.0,0.80642687759616,32275253.0,0.7700692980585268,1523824.0,0.0363575795376333,0.03635757953763326,136648,22495.39552719396,15047.0,53108.0,74119.89999999997,107564.47999999998,135899,0.0,32307.11175543268,-135899,128848,0.16462294016153883,0.5424148176336278,0.9945187635384345,0.6646170665414939,0.5087226308394626,0.17,0.134,0.2,0.2506,0.451
connectome_adaptive_out_over_inplus1_learning_ranking,35452425_ranking-12cpu,31535251.0,0.7524132685085212,35458293.0,0.8460148337447138,3923042.0,0.09360156523619256,0.09360156523619254,136648,23101.950237105557,15010.5,57210.600000000006,76548.29999999999,109163.30999999997,134013,0.0,33484.72611709585,-134013,129747,0.16906175163270268,0.5601860254083484,0.9807168784029038,0.6397216267358503,0.4879923198847983,0.22,0.388,0.41,0.6272,0.6682
connectome_adaptive_out_over_inplus1_learning_ranking,35452425_ranking-24cpu,31535251.0,0.7524132685085212,35459216.0,0.8460368560031328,3923965.0,0.09362358749461164,0.09362358749461165,136648,23143.757859610094,15049.5,57245.0,76463.59999999998,109369.0,134013,0.0,33507.83435675668,-134013,129747,0.16936770285412223,0.5595661846496105,0.9807168784029038,0.6392241896836687,0.48783231748476225,0.22,0.388,0.41,0.6272,0.6679
connectome_adaptive_out_over_inplus1_learning_ranking,35452425_ranking-48cpu,31535251.0,0.7524132685085212,35458792.0,0.8460267396027323,3923541.0,0.09361347109421114,0.0936134710942111,136648,23159.239461975296,15014.5,57479.80000000002,76632.0,109424.06,134013,0.0,33535.85740273373,-134013,129747,0.16948099834593477,0.5607985480943739,0.9807168784029038,0.6386204941663018,0.48746231193467904,0.22,0.388,0.41,0.6272,0.6683
connectome_adaptive_out_over_inplus1_learning_ranking,connectome_hybrid_ranking-48cpu,31535251.0,0.7524132685085212,35463423.0,0.8461372326457863,3928172.0,0.09372396413726514,0.09372396413726514,136648,23166.45051519232,15220.0,56995.3,76438.89999999997,109768.29999999999,134012,0.0,33534.78048123877,-134012,129747,0.16953376935770972,0.5593854282536149,0.9807095603301914,0.6386437034198635,0.48671230068451027,0.22,0.388,0.41,0.6272,0.6666
connectome_adaptive_out_over_inplus1_learning_ranking,35435948_ranking-24cpu,31535251.0,0.7524132685085212,35448587.0,0.8457832540695069,3913336.0,0.09336998556098575,0.09336998556098577,136648,23176.20268134184,15446.0,57382.3,77012.0,109039.0,134014,0.0,33566.56204101956,-134014,129747,0.16960513641869504,0.5635794157250746,0.9807241964756162,0.6379584501632374,0.48582228733431,0.22,0.388,0.41,0.6272,0.6658
connectome_adaptive_out_over_inplus1_learning_ranking,connectome_hybrid_ranking-24cpu,31535251.0,0.7524132685085212,35463349.0,0.8461354670476032,3928098.0,0.09372219853908204,0.09372219853908204,136648,23200.804241554943,15531.0,57233.0,76580.24999999997,110089.65999999997,134012,0.0,33576.79026880884,-134012,129747,0.1697851724251723,0.5604198378315085,0.9807095603301914,0.6377377777200818,0.48568228523427853,0.22,0.388,0.41,0.6272,0.6633
connectome_adaptive_out_over_inplus1_learning_ranking,connectome_hybrid_ranking-12cpu,31535251.0,0.7524132685085212,35463823.0,0.8461467764197491,3928572.0,0.09373350791122792,0.09373350791122792,136648,23208.928268251275,15130.0,57421.3,76973.65,109583.53,134012,0.0,33607.14385069489,-134012,129747,0.16984462464325328,0.5632987676365552,0.9807095603301914,0.6370825080448675,0.48557228358425375,0.22,0.388,0.41,0.6272,0.6634
connectome_adaptive_out_over_inplus1_learning_ranking,35435948_ranking-12cpu,31535251.0,0.7524132685085212,35448482.0,0.8457807488288417,3913231.0,0.0933674803203205,0.09336748032032055,136648,23223.283882676657,15057.0,57537.0,76964.64999999988,109522.88999999998,134014,0.0,33619.32431835722,-134014,129747,0.169949680073449,0.563232904982143,0.9807241964756162,0.6368193910200215,0.48539228088421327,0.22,0.388,0.41,0.6272,0.668
connectome_adaptive_out_over_inplus1_learning_ranking,connectome_paper_fas_ranking,31535251.0,0.7524132685085212,34660410.0,0.8269777962428596,3125159.0,0.07456452773433841,0.07456452773433836,136648,23711.56769217259,15925.0,57359.20000000001,79329.94999999998,112791.59,131797,0.0,34055.33641446925,-128937,131797,0.17352297649561346,0.5805423423687136,0.9645000292722908,0.6273380598493616,0.4788821832327485,0.04,0.038,0.085,0.375,0.6097
bader,connectome_adaptive_out_over_inplus1_learning_ranking,35459266.0,0.8460380489748782,31535251.0,0.7524132685085212,3924015.0,0.09362478046635703,0.09362478046635699,136648,24185.156709209063,16352.5,59256.3,81566.94999999998,111180.0,135222,0.0,34651.532606337394,-135222,129102,0.17698873535806645,0.5969128710262864,0.9895644283121597,0.6141756913024495,0.4653919808797132,0.07,0.18,0.254,0.449,0.6801
connectome_paper_fas_ranking_20260202_123552,connectome_adaptive_out_over_inplus1_learning_ranking,33799077.0,0.80642687759616,31535251.0,0.7524132685085212,2263826.0,0.05401360908763886,0.05401360908763883,136648,24998.637345588664,17980.0,58141.3,79141.65,109844.59,131546,0.0,34658.4064876026,-131546,128690,0.18294184580519776,0.5791643492769744,0.9626631930214858,0.6140226029199471,0.46032190482857244,0.01,0.02,0.03,0.1754,0.4072
connectome_dimacs_hybrid_ranking_learning-48cpu,35452425,32275253.0,0.7700692980585268,35452425.0,0.8458748265806798,3177172.0,0.07580552852215305,0.07580552852215304,136648,25670.959648147065,16432.5,65334.20000000001,88106.29999999999,110023.24999999997,135779,0.0,36665.1413543107,-132912,135779,0.1878619493014685,0.6447683098179262,0.9936405948129501,0.5680321564466502,0.4291814377215658,0.01,0.044,0.065,0.3424,0.3961
35435948,connectome_dimacs_hybrid_ranking_learning-48cpu,35435948.0,0.8454816946717182,32275253.0,0.7700692980585268,3160695.0,0.07541239661319143,0.0754123966131914,136648,25727.09727182249,16417.0,65570.20000000001,88408.14999999994,110005.47999999998,132519,0.0,36751.17204064801,-131824,132519,0.18827276851342495,0.6469772700661549,0.9697836777706224,0.5660026489901292,0.4266213993209898,0.0,0.046,0.064,0.3462,0.4011
connectome_adaptive_out_over_inplus1_learning_ranking,35452425,31535251.0,0.7524132685085212,35452425.0,0.8458748265806798,3917174.0,0.09346155807215861,0.09346155807215861,136648,25881.701042093555,17262.0,64310.0,85310.0,108123.18,132442,0.0,36319.584754191004,-127995,132442,0.1894041701458752,0.6243047830923248,0.9692201861717697,0.5761360898986314,0.42820142302134534,0.04,0.098,0.144,0.3602,0.4356
35435948,connectome_adaptive_out_over_inplus1_learning_ranking,35435948.0,0.8454816946717182,31535251.0,0.7524132685085212,3900697.0,0.093068426163197,0.09306842616319697,136648,25958.021544406067,17320.0,64632.3,85501.0499999999,108424.06,131916,0.0,36417.30162420306,-131916,127988,0.1899626891312428,0.6257029008840225,0.965370879925063,0.573852232702724,0.42526137892068383,0.01,0.11,0.141,0.355,0.438
connectome_paper_fas_ranking_20260202_123552,connectome_dimacs_scc_init,33799077.0,0.80642687759616,21280355.0,0.5077372449190797,12518722.0,0.2986896326770804,0.2986896326770804,136648,37915.04841636906,30963.5,83396.6,95608.65,112284.59,135452,0.0,48063.378205985784,-135452,128520,0.2774650812040356,0.6996710526315789,0.991247585036005,0.2577105702775623,0.17802767041505624,0.17,0.134,0.2,0.2506,0.396
connectome_paper_fas_ranking_20260202_123552,connectome_dimacs_scc_init_learning,33799077.0,0.80642687759616,21280355.0,0.5077372449190797,12518722.0,0.2986896326770804,0.2986896326770804,136648,37915.04841636906,30963.5,83396.6,95608.65,112284.59,135452,0.0,48063.378205985784,-135452,128520,0.2774650812040356,0.6996710526315789,0.991247585036005,0.2577105702775623,0.17802767041505624,0.17,0.134,0.2,0.2506,0.396
connectome_dimacs_hybrid_ranking_learning-48cpu,connectome_dimacs_scc_init,32275253.0,0.7700692980585268,21280355.0,0.5077372449190797,10994898.0,0.2623320531394471,0.26233205313944713,136648,39369.34795972133,33961.5,85120.0,97923.0,113078.59,128406,0.0,49966.39569896157,-127035,128406,0.2881077510078547,0.7166076342134535,0.9396844447046426,0.1977666043855808,0.13433701505522583,1.0,1.0,1.0,1.0,0.6879
connectome_dimacs_hybrid_ranking_learning-48cpu,connectome_dimacs_scc_init_learning,32275253.0,0.7700692980585268,21280355.0,0.5077372449190797,10994898.0,0.2623320531394471,0.26233205313944713,136648,39369.34795972133,33961.5,85120.0,97923.0,113078.59,128406,0.0,49966.39569896157,-127035,128406,0.2881077510078547,0.7166076342134535,0.9396844447046426,0.1977666043855808,0.13433701505522583,1.0,1.0,1.0,1.0,0.6879
connectome_hybrid_ranking-24cpu,connectome_dimacs_scc_init,35463349.0,0.8461354670476032,21280355.0,0.5077372449190797,14182994.0,0.33839822212852355,0.33839822212852355,136648,39483.61868450325,33810.0,85774.3,97786.24999999997,113764.88999999998,126186,0.0,50053.325622229,-126186,125883,0.28894399248070407,0.7156068877700367,0.9234383232831801,0.194972776630572,0.13242698640479608,0.05,0.074,0.168,0.7484,0.7649
connectome_hybrid_ranking-24cpu,connectome_dimacs_scc_init_learning,35463349.0,0.8461354670476032,21280355.0,0.5077372449190797,14182994.0,0.33839822212852355,0.33839822212852355,136648,39483.61868450325,33810.0,85774.3,97786.24999999997,113764.88999999998,126186,0.0,50053.325622229,-126186,125883,0.28894399248070407,0.7156068877700367,0.9234383232831801,0.194972776630572,0.13242698640479608,0.05,0.074,0.168,0.7484,0.7649
35452425_ranking-12cpu,connectome_dimacs_scc_init,35458293.0,0.8460148337447138,21280355.0,0.5077372449190797,14177938.0,0.3382775888256341,0.3382775888256341,136648,39487.78165798255,33799.5,85615.0,97908.94999999998,113701.0,126221,0.0,50048.72597270612,-126164,126221,0.2889744574233253,0.7165048152918446,0.9236944558281132,0.1951207257588865,0.1329969949549243,0.05,0.074,0.168,0.7484,0.7658
35452425_ranking-12cpu,connectome_dimacs_scc_init_learning,35458293.0,0.8460148337447138,21280355.0,0.5077372449190797,14177938.0,0.3382775888256341,0.3382775888256341,136648,39487.78165798255,33799.5,85615.0,97908.94999999998,113701.0,126221,0.0,50048.72597270612,-126164,126221,0.2889744574233253,0.7165048152918446,0.9236944558281132,0.1951207257588865,0.1329969949549243,0.05,0.074,0.168,0.7484,0.7658
35435948_ranking-12cpu,connectome_dimacs_scc_init,35448482.0,0.8457807488288417,21280355.0,0.5077372449190797,14168127.0,0.338043503909762,0.33804350390976207,136648,39490.755605643695,33765.0,85588.90000000001,97980.0,113555.70999999999,126195,0.0,50053.577187796174,-126195,125926,0.2889962209885523,0.7170247643580586,0.9235041859375914,0.19496468455531268,0.1323369850547758,0.05,0.074,0.168,0.7484,0.7657
35435948_ranking-12cpu,connectome_dimacs_scc_init_learning,35448482.0,0.8457807488288417,21280355.0,0.5077372449190797,14168127.0,0.338043503909762,0.33804350390976207,136648,39490.755605643695,33765.0,85588.90000000001,97980.0,113555.70999999999,126195,0.0,50053.577187796174,-126195,125926,0.2889962209885523,0.7170247643580586,0.9235041859375914,0.19496468455531268,0.1323369850547758,0.05,0.074,0.168,0.7484,0.7657
35452425_ranking-48cpu,connectome_dimacs_scc_init,35458792.0,0.8460267396027323,21280355.0,0.5077372449190797,14178437.0,0.33828949468365266,0.33828949468365266,136648,39492.02757449798,33773.0,85566.6,97986.24999999997,113625.53,126184,0.0,50052.45648422102,-126184,125773,0.28900552934911583,0.7170705023125108,0.9234236871377554,0.1950007337612477,0.13312699690495358,0.05,0.074,0.168,0.7484,0.7655
35452425_ranking-48cpu,connectome_dimacs_scc_init_learning,35458792.0,0.8460267396027323,21280355.0,0.5077372449190797,14178437.0,0.33828949468365266,0.33828949468365266,136648,39492.02757449798,33773.0,85566.6,97986.24999999997,113625.53,126184,0.0,50052.45648422102,-126184,125773,0.28900552934911583,0.7170705023125108,0.9234236871377554,0.1950007337612477,0.13312699690495358,0.05,0.074,0.168,0.7484,0.7655
connectome_hybrid_ranking-12cpu,connectome_dimacs_scc_init,35463823.0,0.8461467764197491,21280355.0,0.5077372449190797,14183468.0,0.33840953150066944,0.33840953150066944,136648,39494.93959662783,33843.5,85633.3,97926.0,113590.65,126183,0.0,50057.530892950774,-126169,126183,0.2890268397388021,0.7166295884315906,0.923416369065043,0.19483750091882457,0.13189697845467682,0.05,0.074,0.168,0.7484,0.7659
connectome_hybrid_ranking-12cpu,connectome_dimacs_scc_init_learning,35463823.0,0.8461467764197491,21280355.0,0.5077372449190797,14183468.0,0.33840953150066944,0.33840953150066944,136648,39494.93959662783,33843.5,85633.3,97926.0,113590.65,126183,0.0,50057.530892950774,-126169,126183,0.2890268397388021,0.7166295884315906,0.923416369065043,0.19483750091882457,0.13189697845467682,0.05,0.074,0.168,0.7484,0.7659
connectome_hybrid_ranking-48cpu,connectome_dimacs_scc_init,35463423.0,0.8461372326457863,21280355.0,0.5077372449190797,14183068.0,0.33839998772670665,0.3383999877267067,136648,39495.93972835314,33812.5,85707.3,97913.65,113916.06,126103,0.0,50061.85482213342,-126103,125895,0.2890341587754899,0.7165392102335928,0.9228309232480534,0.19469839633545638,0.13235698535478033,0.05,0.074,0.168,0.7484,0.7657
connectome_hybrid_ranking-48cpu,connectome_dimacs_scc_init_learning,35463423.0,0.8461372326457863,21280355.0,0.5077372449190797,14183068.0,0.33839998772670665,0.3383999877267067,136648,39495.93972835314,33812.5,85707.3,97913.65,113916.06,126103,0.0,50061.85482213342,-126103,125895,0.2890341587754899,0.7165392102335928,0.9228309232480534,0.19469839633545638,0.13235698535478033,0.05,0.074,0.168,0.7484,0.7657
35452425_ranking-24cpu,connectome_dimacs_scc_init,35459216.0,0.8460368560031328,21280355.0,0.5077372449190797,14178861.0,0.33829961108405315,0.3382996110840532,136648,39497.03155552954,33786.0,85596.0,97953.65,113609.59,126224,0.0,50053.0040416717,-126224,125818,0.2890421488461561,0.7168319331420877,0.9237164100462503,0.1949831208092372,0.13281699225488383,0.05,0.074,0.168,0.7484,0.7654
35452425_ranking-24cpu,connectome_dimacs_scc_init_learning,35459216.0,0.8460368560031328,21280355.0,0.5077372449190797,14178861.0,0.33829961108405315,0.3382996110840532,136648,39497.03155552954,33786.0,85596.0,97953.65,113609.59,126224,0.0,50053.0040416717,-126224,125818,0.2890421488461561,0.7168319331420877,0.9237164100462503,0.1949831208092372,0.13281699225488383,0.05,0.074,0.168,0.7484,0.7654
35435948_ranking-24cpu,connectome_dimacs_scc_init,35448587.0,0.8457832540695069,21280355.0,0.5077372449190797,14168232.0,0.33804600915042726,0.3380460091504273,136648,39498.89728353141,33837.0,85589.0,98009.29999999999,113509.06,126145,0.0,50063.196530356065,-126145,125785,0.2890558023793353,0.717239183888531,0.9231382823019729,0.19465522996592577,0.13258698880483208,0.05,0.074,0.168,0.7484,0.7648
35435948_ranking-24cpu,connectome_dimacs_scc_init_learning,35448587.0,0.8457832540695069,21280355.0,0.5077372449190797,14168232.0,0.33804600915042726,0.3380460091504273,136648,39498.89728353141,33837.0,85589.0,98009.29999999999,113509.06,126145,0.0,50063.196530356065,-126145,125785,0.2890558023793353,0.717239183888531,0.9231382823019729,0.19465522996592577,0.13258698880483208,0.05,0.074,0.168,0.7484,0.7648
connectome_adaptive_out_over_inplus1_learning_ranking,connectome_dimacs_scc_init,31535251.0,0.7524132685085212,21280355.0,0.5077372449190797,10254896.0,0.24467602358944152,0.24467602358944154,136648,40342.627436918214,34672.0,86375.6,99001.0,117033.70999999999,134219,0.0,50845.624810767855,-134219,129756,0.29523028099143944,0.7244965165973889,0.9822244013816521,0.16928535283515078,0.11137667065005975,0.04,0.082,0.138,0.5586,0.5709
connectome_adaptive_out_over_inplus1_learning_ranking,connectome_dimacs_scc_init_learning,31535251.0,0.7524132685085212,21280355.0,0.5077372449190797,10254896.0,0.24467602358944152,0.24467602358944154,136648,40342.627436918214,34672.0,86375.6,99001.0,117033.70999999999,134219,0.0,50845.624810767855,-134219,129756,0.29523028099143944,0.7244965165973889,0.9822244013816521,0.16928535283515078,0.11137667065005975,0.04,0.082,0.138,0.5586,0.5709
connectome_paper_fas_ranking,connectome_dimacs_scc_init,34660410.0,0.8269777962428596,21280355.0,0.5077372449190797,13380055.0,0.31924055132377993,0.31924055132377993,136648,40345.36989930332,34387.5,86953.50000000001,99127.65,115336.29999999999,136125,0.0,50849.491015740954,-136125,128401,0.29525035053058457,0.7254233505064106,0.9961726479714302,0.1691590160965093,0.1143667155007325,0.59,0.586,0.565,0.5548,0.5735
connectome_paper_fas_ranking,connectome_dimacs_scc_init_learning,34660410.0,0.8269777962428596,21280355.0,0.5077372449190797,13380055.0,0.31924055132377993,0.31924055132377993,136648,40345.36989930332,34387.5,86953.50000000001,99127.65,115336.29999999999,136125,0.0,50849.491015740954,-136125,128401,0.29525035053058457,0.7254233505064106,0.9961726479714302,0.1691590160965093,0.1143667155007325,0.59,0.586,0.565,0.5548,0.5735
bader,connectome_dimacs_scc_init,35459266.0,0.8460380489748782,21280355.0,0.5077372449190797,14178911.0,0.33830080405579854,0.33830080405579854,136648,40876.07307827411,34872.0,87971.3,100140.59999999998,117079.07999999996,134700,0.0,51420.217717130516,-134700,128359,0.29913407498297895,0.7328361922604061,0.9857443943563023,0.1504038937496992,0.10157652364785472,0.01,0.032,0.066,0.3924,0.6515
bader,connectome_dimacs_scc_init_learning,35459266.0,0.8460380489748782,21280355.0,0.5077372449190797,14178911.0,0.33830080405579854,0.33830080405579854,136648,40876.07307827411,34872.0,87971.3,100140.59999999998,117079.07999999996,134700,0.0,51420.217717130516,-134700,128359,0.29913407498297895,0.7328361922604061,0.9857443943563023,0.1504038937496992,0.10157652364785472,0.01,0.032,0.066,0.3924,0.6515
35452425,connectome_dimacs_scc_init,35452425.0,0.8458748265806798,21280355.0,0.5077372449190797,14172070.0,0.33813758166160013,0.33813758166160013,136648,43053.13572097653,36996.0,91269.6,102681.65,117838.06,133948,0.0,53384.73667333302,-133948,132912,0.31506597770166067,0.7514317809261752,0.9802412036765997,0.08424583884415926,0.056105841587623814,0.01,0.044,0.065,0.3424,0.3241
35452425,connectome_dimacs_scc_init_learning,35452425.0,0.8458748265806798,21280355.0,0.5077372449190797,14172070.0,0.33813758166160013,0.33813758166160013,136648,43053.13572097653,36996.0,91269.6,102681.65,117838.06,133948,0.0,53384.73667333302,-133948,132912,0.31506597770166067,0.7514317809261752,0.9802412036765997,0.08424583884415926,0.056105841587623814,0.01,0.044,0.065,0.3424,0.3241
35435948,connectome_dimacs_scc_init,35435948.0,0.8454816946717182,21280355.0,0.5077372449190797,14155593.0,0.3377444497526385,0.3377444497526385,136648,43084.205974474564,37101.5,91387.3,102611.94999999998,117803.59,133935,0.0,53420.67315139225,-133935,132520,0.3152933520759511,0.7509217112581229,0.9801460687313389,0.08301252543368343,0.0529857947869218,0.0,0.046,0.064,0.3462,0.3296
35435948,connectome_dimacs_scc_init_learning,35435948.0,0.8454816946717182,21280355.0,0.5077372449190797,14155593.0,0.3377444497526385,0.3377444497526385,136648,43084.205974474564,37101.5,91387.3,102611.94999999998,117803.59,133935,0.0,53420.67315139225,-133935,132520,0.3152933520759511,0.7509217112581229,0.9801460687313389,0.08301252543368343,0.0529857947869218,0.0,0.046,0.064,0.3462,0.3296
